r1446,0.0
EX_taxol_LPAREN_e_RPAREN_,0.0
EX_omeprazole_LPAREN_e_RPAREN_,0.0
EX_pi_LPAREN_e_RPAREN_,-0.012141368
NDP7g,0.0
EX_fol_LPAREN_e_RPAREN_,-0.000272772
EX_asn_L_LPAREN_e_RPAREN_,-0.00333593518207
UMPK5n,0.0
NTD10,0.0
NTD11,0.0
r1888,0.00124604484752
G5SDym,0.00223716539467
GTHOm,0.000770740055591
r1880,0.0
r1881,0.0
r1882,0.00124604484752
r1883,0.00124604484752
ITCOAL1m,0.0
FPGS2m,0.0
r1886,0.00124604484752
r1887,0.00124604484752
ARTPLM1m,0.0
PCHOL_HStg,0.0
VITD3t2,0.0
EX_5adtststeroneglc_LPAREN_e_RPAREN_,0.0
DNDPt50m,0.0
GALK,0.0
r1642,0.00284854995537
LNLNCGt,0.0
r1640,0.00284854995537
r1641,0.0013580664177
r1646,0.00284854995537
r1863,0.00124604484752
r1860,0.00124604484752
r1645,0.00284854995537
NTD1m,0.0
HPYRRy,0.0
r1649,0.00284854995537
r0845,0.0
HAtly,0.0
CO2t,0.0
METt4,0.0
EX_dcsptn1_LPAREN_e_RPAREN_,0.0
EX_xylt_LPAREN_e_RPAREN_,0.0
sink_5hpet_LPAREN_c_RPAREN_,0.0
GLYCLTtp,0.0
r1680,0.00124604484752
4MPTNLtm,0.0
EX_gchola_LPAREN_e_RPAREN_,0.0
EX_s2l2fn2m2masn_LPAREN_e_RPAREN_,0.0
4MPTNLte,0.0
r1721,0.00124604484752
r1884,0.00124604484752
r1720,0.00124604484752
EX_meoh_LPAREN_e_RPAREN_,0.0
sink_c101coa_LPAREN_c_RPAREN_,0.0
r1723,0.00124604484752
GLYSNAT5tc,0.000290397709114
SEBCOAPET,0.0
PCRNtm,0.000337781194307
UGCG,0.0
r1722,0.00124604484752
VITEtl,0.0
r0604,0.00105835753008
NH4tn,0.0
SPHS1Ptr,0.0
EX_tolbutamide_LPAREN_e_RPAREN_,0.0
LPS3,0.0
LPS2,0.0
COQ5m,0.0
r1262,0.0
FATP4t,0.00118722000083
SOAT11,0.0
KCC2t,0.00193471744573
DADNt4,0.0
r1748,0.0
r2073,0.000224631633191
PI345P5P,0.0
TYRPHELAT2tc,0.000263621620006
GALGT4,0.0
GALGT1,0.0
GALGT3,0.0
GALGT2,0.0
EX_met_L_LPAREN_e_RPAREN_,-0.00016632
EX_thym_LPAREN_e_RPAREN_,0.0
LPSe,0.0
CYTDtm,0.0
C161CPT2,0.00261628743395
EX_eicostet_LPAREN_e_RPAREN_,0.0
r0119,0.0
LS3,0.0
r1918,0.0
ASPTA,0.000992111193788
PRO1xm,0.0277855335006
VALTAm,0.000607836090185
r0113,0.0
TYMSULT,0.0
LEUTA,0.0
EX_fuc14galacglcgalgluside_hs_LPAREN_e_RPAREN_,0.0
r1464,-0.00250236929314
FUCACNGALACGLCGALGLUSIDEte,0.0
r0590,0.0
FUCACNGALACGLCGALGLUSIDEtg,0.0
FTCD,9.15713486188e-05
r0595,0.0
DNDPt43m,0.0
GALGLUSIDEtl,0.0
C30CPT1,0.000675562388615
CGLYt3_2_,0.0
GALGLUSIDEtg,0.0
SPR,0.0
FAOXC161802m,0.0
LEUTAm,0.0
EX_hdcea_LPAREN_e_RPAREN_,0.0
FAOXC14DCC12DCx,0.0
STRDNCt,0.0
C4tmc,0.0
RTOTALCRNt,0.0
PGPP_hs,0.00014572
r1885,0.00124604484752
EX_4mptnl_LPAREN_e_RPAREN_,0.0
ABO6g,0.0
PSDm_hs,0.0
C160CPT2,0.0
C160CPT1,0.0
ILETAm,0.00146226459358
GGH_6DHFl,0.0
r1516,0.0
r0028,0.0
r1514,0.0
r1515,0.0
r0021,0.000770740055591
FUT97g,0.0
r0022,-0.000770740055591
P5CR,0.0
r0027,0.00238876422575
r1519,0.0
EX_ump_LPAREN_e_RPAREN_,0.0
OCTDECCPT1,-0.00674252992405
EX_taur_LPAREN_e_RPAREN_,0.000272772
URATEt,0.0
GNDer,0.00149797615967
EX_tcynt_LPAREN_e_RPAREN_,0.0
FRDPtcr,0.00040802
UGLCNACtg,0.0
5MTHFt2,0.0011079915203
PRASCS,0.00112826
EX_HC01787_LPAREN_e_RPAREN_,0.0
SUCCACT,0.0
EX_idour_LPAREN_e_RPAREN_,0.0
LEUKTRF4t,3.07849888388e-06
EX_7dhf_LPAREN_e_RPAREN_,0.0
r0946,1.16747229752e-05
PETHCT,0.00173556663738
RDH3a,0.0116118808233
ARGtm,0.00250242971012
EX_arg_L_LPAREN_e_RPAREN_,-0.00462815579187
GeTPRA_R01274_c,0.0
S6T3g,0.0
r0339,0.0
TTDCRNt,0.0
CERT2rt,0.0
AMETr,0.0
PRPPS,0.00108295726781
r1866,0.00124604484752
EX_glysar_LPAREN_e_RPAREN_,0.0
GGLUCT,0.0
MECOAS1m,0.0
r1643,0.00284854995537
FUT15g,0.0
r1864,0.00124604484752
FERO,0.000481664375113
EX_hista_LPAREN_e_RPAREN_,0.0
RTOTAL2CRNCPT2,0.0
FTHFL,0.0
DHCR243r,0.0
RTOTAL2CRNCPT1,0.0
EX_leuktrC4_LPAREN_e_RPAREN_,0.0
r1862,0.00124604484752
SQLSr,0.0
EX_pro_D_LPAREN_e_RPAREN_,0.0
ATPH1e,0.0
NAtx,0.0
L_LACt4r,0.0
CYTK4n,0.0
RDH2,-0.0116118808233
RDH3,-0.0212393470076
FAOXC12DCx,0.0
EX_24nph_LPAREN_e_RPAREN_,0.0
EX_dgchol_LPAREN_e_RPAREN_,0.0
FAOXC12DCc,0.0
GLUPRT,0.00112826
RTOTAL3CRNt,0.0
GLU5Km,0.00223716539467
r0841,-0.00149797615967
DHORD9,0.00115015
FACOAL204,0.0
r2358,3.07849888388e-06
EX_HC02176_LPAREN_e_RPAREN_,0.0
r2355,3.07849888388e-06
r2357,3.07849888388e-06
r2356,3.07849888388e-06
r2353,0.0
FPGS,0.0
EX_sph1p_LPAREN_e_RPAREN_,0.0
PMI12346PH,0.0
B3GALT42g,0.0
FAOXC121C10x,0.0
LEUtec,0.00158932836918
r1911,0.00124604484752
GMPS2,0.0
L_LACDcm,0.0551792704371
DNDPt24m,0.00119274072618
PALFATPtc,0.000272772
NAt5,0.00119870396912
GLPASE2,0.0
GLPASE1,0.0
DOPACHRMISO,0.0
H2Otp,0.0
G14T4g,0.0
SUCOAS1m,0.00293526448233
C14STRr,0.0313991872752
FAOXC10C8x,0.0
r1531,0.0
r0224,0.000541912585445
FAOXC10C8m,0.0
EX_orot_LPAREN_e_RPAREN_,0.0
H2Otg,0.0
r2512,0.0
r2511,0.0
r2510,0.0
r2517,0.0
H2Otm,-0.230595062971
H2Otn,0.0
r1917,0.0
EX_fe3_LPAREN_e_RPAREN_,0.0
EX_gthrd_LPAREN_e_RPAREN_,-0.00469769445151
PIt2m,0.149090996697
DURIK1m,0.0
EX_acgam_LPAREN_e_RPAREN_,0.0
EX_chtn_LPAREN_e_RPAREN_,0.0
H2O2syn,0.0
UGT1A4r,0.0
FAS80COA_L,0.005381168
EX_gd1c_hs_LPAREN_e_RPAREN_,0.0
EX_inost_LPAREN_e_RPAREN_,-0.00023315
GRTTx,0.0
r2195,-7.45234565127e-05
r2194,-7.45234565127e-05
r2193,0.0
EX_HC00250_LPAREN_e_RPAREN_,0.0
EX_tre_LPAREN_e_RPAREN_,0.0
DM_dctp_n_,0.0
TSTSTERONEGLCte,0.0
CTPtn,0.0
DM_dttp_m_,0.0
TSTSTERONEGLCtr,0.0
B3GNT31g,0.0
ACONTm,0.00862473552443
AMETtd,0.0
BTNPL,0.0
PRFGS,0.00112826
SERALANaEx,0.000699239205123
PTE3x,0.0
FUT910g,0.0
EX_prostgf2_LPAREN_e_RPAREN_,0.0
MTRI,0.0
SO4CLtex2,0.00190992339455
EX_nh4_LPAREN_e_RPAREN_,0.0173383801801
PLA2_2,0.0
r1853,0.00124604484752
r1852,0.00124604484752
r1851,0.0
r1850,0.0
r1857,0.00124604484752
DHFtm,0.0
r1679,0.00124604484752
GLYt2rL,0.0
FUCFUC12GAL14ACGLCGALGLUSIDEte,0.0
C4STMO2Pr,0.0002550125
FUCFUC12GAL14ACGLCGALGLUSIDEtg,0.0
CRMPte,0.0
r1673,0.00124604484752
LNELDCCRNt,0.0
r1671,-0.00250376441801
OIVD2m,0.000607836090185
ECOAH1m,-0.001045904136
r1078,0.0
r1074,0.0
r1077,0.0
r1076,0.0
r1071,0.0
r1073,0.0
ACNMLr,0.0
r1981,0.0
ADNt,0.0
r1983,0.00124604484752
r1982,0.00124604484752
r1985,0.00124604484752
r1984,0.00124604484752
r1987,0.00124604484752
r1986,0.0
PCHOLPr_hs,0.0
r1988,0.00124604484752
r2387,0.0
DNDPt40m,0.0
EX_pe_hs_LPAREN_e_RPAREN_,0.0
PHACCOAGLNAC,0.0
r2385,0.0329783392583
BTNtn,0.0
PMI1346PH,0.0
UDPG4E,0.0
r0616,-0.032551354785
DNDPt53m,0.0
r0618,0.032551354785
S6TASE23ly,0.0
OCD11COACPT1,0.0
PCHOLP_hs,0.0
FPGS3m,0.0
BTNt2,0.0
MI13456PK,0.0
r1181,0.0
GTHO,0.000770740055591
r1182,0.0
UDPtl,0.0
EX_glygn5_LPAREN_e_RPAREN_,0.0
BALAPAT1tc,0.0
GTHP,0.0
GTHS,0.0
r0853,0.0
ACONT,0.00104976346871
UPP3S,0.0
r0859,0.0
TSTSTERONESte,0.0
ARTPLM2m,0.0
GFUCS,0.0
r2292,1.81796807585e-06
r0925,0.0
r0926,0.0
r0927,0.0
EX_acmana_LPAREN_e_RPAREN_,0.0
DOPAtu,0.000458228523761
r1457,0.0
EX_tagat_D_LPAREN_e_RPAREN_,0.0
EX_c81crn,0.0
r1454,0.0
PSP_L,0.000400558293339
r1451,0.0
r1450,0.00059178877286
EX_HC02200_LPAREN_e_RPAREN_,0.0
C204CPT1,0.0
CYTK11n,0.0
r1695,0.00124604484752
PYDXK,0.0
C161CPT12,0.0
SERtN1,0.000290397709114
2OXOADOXm,0.000527933002041
HSD3B2r,0.0
r1693,0.00124604484752
r1692,0.00124604484752
S6T2g,0.0
SLCBK1,0.0
r1698,0.0
EX_ha_pre1_LPAREN_e_RPAREN_,0.0
UGALGTg,0.0
ESTRONEGLCtr,0.0
DOPABMO,8.37892162805e-05
C10DCc,0.0
PPAn,0.0
34DHOXPEGt,8.37892162805e-05
EX_glyc_LPAREN_e_RPAREN_,0.0
r0165,0.000135520857464
EX_lipoate_LPAREN_e_RPAREN_,0.0
LGNCt,0.00118722000083
EX_Tyr_ggn_LPAREN_e_RPAREN_,0.0
r1945,0.0
MI13456Ptn,0.0
Rtotaltl,0.0
r1522,0.0
r1521,0.0
r1520,0.0
CMPSASn,0.0
r1525,0.0
SPH1Ptr,0.0
r0033,0.0
r1529,0.0
MECOALm,0.0
EX_galfucgalacglcgal14acglcgalgluside_hs_LPAREN_e_RPAREN_,0.0
XOLTRI27tc,0.0
HAS2,0.0
XOLTRI27te,0.0
PPAP,0.0019052988431
AMPDA,0.0
r2257,0.0
EX_4mop_LPAREN_e_RPAREN_,0.0
OCTDECCACT,-0.000675562388615
EX_npthl_LPAREN_e_RPAREN_,0.0
EX_HC01577_LPAREN_e_RPAREN_,0.0
EX_limnen_LPAREN_e_RPAREN_,0.0
LNLCCPT1,0.0
EX_25hvitd3_LPAREN_e_RPAREN_,0.0
EX_leuleu_LPAREN_e_RPAREN_,0.0
DGNSKm,0.0
FTHFDH,0.00040149171376
EX_sarcs_LPAREN_e_RPAREN_,0.0
METyLATthc,0.0
AMCOXO,0.0
DM_avite1_c_,0.0
DATPtn,0.00013183
G14T20g,0.0
r0321,0.0
r1260,0.0
DNDPt25m,0.00119274072618
EX_pheacgln_LPAREN_e_RPAREN_,0.0
3AIBt,0.0
C8DCc,0.0
C6DCc,0.0
GLUt6,0.000436860048638
FOLTle,0.0
GALtly,0.0
FE3R2e,0.000963328750225
r0947,0.00013871507259
EX_gthox_LPAREN_e_RPAREN_,0.0
DM_HC02033_c,0.0
ACGALFUCGALACGALFUCGALACGLCGAL14ACGLCGALGLUSIDEtg,0.0
r1773,0.0
ACACT1r,-0.00135465235827
DTMPK,0.00013091
ABO7g,0.0
FACOAL1831,0.0
GLCAASE9ly,0.0
EX_tyr_L_LPAREN_e_RPAREN_,-0.000589012513667
GeTPRA_R02391_c,0.0
FUT94g,0.0
MI34PP,0.0
DM_n5m2masn_g_,0.0
GLYK,0.00288512801902
DM_HC02031_c,0.0
DM_core7_g_,0.0
LEUATB0tc,0.000123907999611
ADPCOACROT,0.0
EX_glyc_S_LPAREN_e_RPAREN_,0.0
THRATB0tc,0.0
DKMPPD,0.0
r2342,-0.000153190253305
EX_thyox_L_LPAREN_e_RPAREN_,0.0
C4DCCACT,0.0
DNDPt1m,0.0
SPMDOX,0.0
UPPDC1,0.0
NADtn,0.0
VALATB0tc,0.000123907999611
EX_cmp_LPAREN_e_RPAREN_,0.0
r2420,-0.00250659398044
EX_doco13ac,0.0
PTE2x,0.0
EX_3hexdcrn,0.0
EX_11_cis_retfa_LPAREN_e_RPAREN_,0.0
PETOHMm_hs,0.0
r2425,0.0
LCADi_D,0.0
DCT,0.0
SO4OXAtex2,0.00190992339455
r2505,0.0
r2507,0.0
XANDp,0.0
ARTFR12,0.00282697
r2502,0.0
r2503,0.0
r2508,0.0
FUT12g,0.0
BILIRUBtr,0.0
ASNS1,0.0
DHCR242r,0.0
H2O2t,0.0
EX_C02528_LPAREN_e_RPAREN_,0.0
ARGNm,0.00168596042616
EX_ala_L_LPAREN_e_RPAREN_,0.0
EX_cspg_c_LPAREN_e_RPAREN_,0.0
r2519,0.0
ESTRONEtr,-0.000955852319336
PEAMNO,0.0
r2188,0.0
r1686,0.0
DGULND,0.0
B3GNT12g,0.0
CH25H,0.0
P45021A2r,0.0
AACTtm,0.0
EX_6dhf_LPAREN_e_RPAREN_,0.0
GBA,0.0
EX_ocdca_LPAREN_e_RPAREN_,0.0
EX_bildglcur_LPAREN_e_RPAREN_,0.0
r00268,0.0291348558507
EX_2425dhvitd3_LPAREN_e_RPAREN_,0.0
EX_cspg_e_LPAREN_e_RPAREN_,0.0
FUMAC,0.0
DM_HC02036_c,0.0
FPGS4m,0.0
GLYt2r,-0.0452177701025
EX_sphs1p_LPAREN_e_RPAREN_,0.0
r0934,0.0
FADtx,0.0
AOBUTDsm,0.0
ARTPLM3m,0.0
EX_fucgal14acglcgalgluside_hs_LPAREN_e_RPAREN_,0.0
FAOXC140,0.0
r1668,0.00124604484752
r1669,0.00124604484752
G14T5g,0.0
EX_acngalacglcgal14acglcgalgluside_hs_LPAREN_e_RPAREN_,0.0
r1848,0.0
NTD7e,0.0
r1660,0.00284854995537
r1661,0.00284854995537
r1662,0.00284854995537
r1847,0.00124604484752
r1664,0.00124604484752
AICART,0.00112826
r1666,0.00124604484752
r1667,0.00124604484752
EX_prostge2_LPAREN_e_RPAREN_,0.0
r1068,0.0
EX_HC02213_LPAREN_e_RPAREN_,0.0
r1064,0.0
r1062,0.0
UMPK,0.0
LCYSTCBOXL,0.0
r1990,0.00124604484752
r1991,0.0
EX_HC00955_LPAREN_e_RPAREN_,0.0
EX_docosac,0.0
MMCDm,0.000168836484013
NNMT,0.0
VITD3t,0.0
r1588,0.00284854995537
MI4PP,0.0
r1030,0.0
r0625,0.0
O2tp,0.0
r1585,0.00284854995537
COQ7m,0.0
TYRTAm,0.0
ETF,0.00195778845944
r1584,0.00284854995537
XOL27OHtm,0.0
CHOLESTle,0.0
ACACtx,-0.00166687081361
CTPS2,0.0
CTPS1,0.00048478
FATP6t,0.00118722000083
SUCCt4_2,-0.00666234035877
FAOXC101C8x,0.0
r0821,0.0137658436593
r0822,0.0137658436593
CHSTEROLt2,0.0
CHSTEROLt3,-0.00020401
CHSTEROLt1,0.00020401
r0829,0.0137658436593
EX_4pyrdx_LPAREN_e_RPAREN_,0.0
DM_HC00004_r,0.0
DPHMBDCm,0.0
PSFLIPm,0.0
GALU,0.00224142863215
SO4tl,0.0
EX_gq1balpha_hs_LPAREN_e_RPAREN_,0.0
THRASNNaEx,0.00977972118806
r1742,0.00124604484752
r0483,0.0
r0480,-0.00055374
OIVD3m,0.000403907063501
VLCSp,0.0
SERASNNaEx,0.00120900885976
VLCSr,0.0
GeTPRA_R01375_c,0.000992111193788
r1443,0.0
r1444,0.0
r1445,0.0
ADNK1m,0.0
r1447,0.0
r1448,0.0
r1449,0.0
r0130,0.00187198244221
FALDH,8.37892162805e-05
EX_decdicrn,0.0
r1338,0.0
GLYKm,0.0
r0173,0.0
r1687,0.00124604484752
r1684,0.00124604484752
r1685,0.0
r1682,0.00124604484752
r1683,7.46351837372e-05
NMNS,0.0
r1681,0.00124604484752
ACACt2,0.00250236929314
HIBDm,0.000607836090185
NCNt,-0.000404010795812
GLYBtm,0.0
AGPAT1,0.00265211
SALMCOM2,0.0
DNDPt41m,0.0
NAGAly,0.0
ORNtiDF,0.000516029459404
CYOOm3,0.0628984802431
CYOOm2,0.000640017678257
BACCLm,0.0
DPMVDx,0.0
7DHFtm,0.0
7DHFtl,0.0
P45017A1r,0.0
DURIK1,0.0
r0557,0.000517971133956
r0556,-0.00441157618491
EX_tdchola_LPAREN_e_RPAREN_,0.0
EX_ctp_LPAREN_e_RPAREN_,0.0
DPMVDc,0.00122406
FUMm,0.00429043879001
r1538,0.0
RDH1a,0.00962746618437
PYDAMK,0.0
r1536,0.0
r1530,0.0
PRISTCOAtcx,0.0
r1532,0.0
r1533,0.0
FUT95g,0.0
r2373,0.0471288614184
C16txc,0.0
GLYCTO1p,0.0
EX_ala_B_LPAREN_e_RPAREN_,0.0
DNDPt39m,0.0
PGPPT,0.00014572
ACRNtm,0.0
EX_gln_L_LPAREN_e_RPAREN_,-0.0120115346016
EX_ac_LPAREN_e_RPAREN_,0.0
HBZOPT10m,0.0
EBP1r,0.0
41R1H2MAE12BOOX,8.37892162805e-05
ASCBSVCTtc,0.0
CYTK12n,0.0
r2375,0.0471288614184
MGCHrm,0.0
DSREDUCr,0.00020401
r0984,0.0
r0311,0.0
r0310,0.0
S6T1g,0.0
GCNTg,0.0
DM_gpi_sig_er_,0.0
PCLAD,0.0
EX_3tdcrn,0.0
EX_dlnlcg_LPAREN_e_RPAREN_,0.0
FAS140COA,0.005381168
FACOAL191,0.0
FUCGAL14ACGLCGALGLUSIDEte,0.0
FUCGAL14ACGLCGALGLUSIDEtg,0.0
NACHEX24ly,0.0
EX_cgly_LPAREN_e_RPAREN_,0.0
DHCR241r,0.0
FADH2tru,0.0
EX_spmd_LPAREN_e_RPAREN_,0.0
GLNS,0.0
URIt,0.0
FACOAL1821,0.0
EX_4hdebrisoquine_LPAREN_e_RPAREN_,0.0
EX_ppi_LPAREN_e_RPAREN_,0.0
FAOXC225x,0.0
KYN3OX,0.0
EX_fmn_LPAREN_e_RPAREN_,0.0
SACCD4m,0.001045904136
TMDPPK,0.0
RBFK,0.0
r2379,-0.00724746860458
r2378,0.0471288614184
3MLDAt,5.43822536338e-06
FAOXC16C14m,0.0
r2372,0.0471288614184
r2371,0.0471288614184
OCOAT1m,0.0
r2377,0.00724746860458
r2376,-0.0917511288564
PRODt2r,0.0
r2374,0.0471288614184
DM_pmtcoa_LPAREN_r_RPAREN_,0.0
DHCR71r,0.00020401
ASNtN1,0.000290397709114
r0340,0.0
GeTPRA_R00261_m,0.0
SEBACACT,0.0
G14T21g,0.0
EX_retfa_LPAREN_e_RPAREN_,0.0
PRO_Dtde,0.0
PHYCBOXL,0.0
SERGLYexR,0.000285727543913
CERT1gt,0.0
GLYATm,0.0
EX_10fthf_LPAREN_e_RPAREN_,0.0
AG13T17g,0.0
EX_mag_hs_LPAREN_e_RPAREN_,0.0
PAPtg,0.0
METS,0.0
VALPHELAT2tc,0.000263621620006
THCHOLSTOICtm,0.0
3AIBtm,0.0
DAGt,0.0
5MTHFt2le,0.0
r1960,0.00124604484752
r1967,0.0
EX_oh1_LPAREN_e_RPAREN_,0.0
EX_3ivcrn,0.0
ADPACDAc,0.0
EX_nrpphr_LPAREN_e_RPAREN_,0.0
EX_6htststerone_LPAREN_e_RPAREN_,0.0
LSTO1r,0.00020401
r1965,0.00124604484752
NAt3_1,0.00119870396912
MANt1r,0.0055229596178
EX_7thf_LPAREN_e_RPAREN_,0.0
r1964,3.9185518101e-05
METtec,0.00158932836918
ADRNCOAtx,0.0
5ADTSTSTERONESULT,0.0
EX_vitd3_LPAREN_e_RPAREN_,0.0
TRDR3,0.0
ETFQO,0.00195778845944
EX_adprib_LPAREN_e_RPAREN_,0.0
r1969,0.0
BUTt2r,0.00250236929314
r1784,0.00124604484752
CHOLtg,0.0
DM_dem2emgacpail_prot_hs_r_,0.0
r1517,0.0
DNDPt26m,0.00119274072618
EX_HC02172_LPAREN_e_RPAREN_,0.0
r1629,0.00284854995537
CHOLtr,0.0
TMNDNCCOAtx,0.0
B3GNT37g,0.0
r2409,0.00013871507259
CLHCO3tex2,0.0174348048018
DNDPt6m,0.0
CHOLtu,0.00227323
HSD17B9r,0.0
r2404,0.0
r2407,0.0
r1780,0.00124604484752
r2401,0.00013871507259
r2400,0.00013871507259
BETALDHxm,0.0
r2402,0.00013871507259
EHMN_R00335_c,0.0
EX_pro_L_LPAREN_e_RPAREN_,-0.001669892
EX_xyl_D_LPAREN_e_RPAREN_,0.0
SERHL,0.0
THRGLNexR,0.000285727543913
OMHPALTD,0.0
r2081,0.00250236929314
r2080,0.00250236929314
r2083,0.00250236929314
r2082,0.00250236929314
r2085,0.00250236929314
r2084,0.00250236929314
r2087,0.00250236929314
CHOLD2m,0.0
r2088,0.00250236929314
GCC2cm,0.0121702510133
DM_pe_hs_LPAREN_r_RPAREN_,0.0
r1148,0.0
ASNtm,0.000814457182073
r1831,0.00124604484752
r1830,0.00124604484752
r1833,0.00124604484752
r1832,0.00124604484752
r1835,0.00124604484752
r1834,0.00124604484752
r1837,0.00124604484752
r0024,0.0
ORNDC,0.0
r1059,0.0
r1518,0.0
r1051,-0.00020401
PIter,0.00081604
LYStm,0.00146204935377
EX_fucacgalfucgalacglcgalgluside_hs_LPAREN_e_RPAREN_,0.0
LYStn,0.0
PPAer,0.00040802
EX_vacc_LPAREN_e_RPAREN_,0.0
C80CPT1,0.0
BTND1,0.0
LYStiDF,0.00529381961263
DNDPt46m,0.0
METATB0tc,0.0
r2501,0.0
AVITE1t,0.0
r0638,0.0
r0639,0.0
r1947,0.0
r1946,0.0
r1941,0.0
P45021A1r,0.0
r1943,0.0
r1942,0.0
r0630,0.0
r0633,0.0
r0634,0.00203934132984
r1948,0.0
r0636,0.0
r0637,0.0
CSNATer,0.0
ADA,0.0
EX_phe_L_LPAREN_e_RPAREN_,-0.00177796627791
ASNt4,0.0142651790851
CRNtim,0.000337781194307
GLNATB0tc,0.0
CYSTS,0.0
GALSIDEtg,0.0
FPGS5m,0.0
r1696,0.00124604484752
GALSIDEtl,0.0
BTNDm,0.0
r0830,-0.0412975309778
CYSTA,0.0
r0836,0.0137658436593
r1690,0.00124604484752
r0834,0.0137658436593
r0835,-0.0275316873186
LYSt4,0.000458228523761
r0838,-0.0127506918738
GTHPm,0.0
1MNCAMti,0.0
DNADtn,0.0
EX_c10crn,0.0
MCD,0.0
GNMT,0.00016777325884
G6PDH2rer,0.00142667691868
r0122,0.000135520857464
AMETt2m,0.0
r0942,0.0366062772819
r0940,0.0
r0941,0.0
UAGDP,0.0
r0129,0.00282571200929
CRNt,1.31570673517e-05
EX_alaala_LPAREN_e_RPAREN_,0.0
PPMI12346Ptn,0.0
ACACt2m,0.00250236929314
r1817,0.00124604484752
NKCC2t,-0.018362240109
GluForTx,9.15713486188e-05
ALASERNaEx,0.00977972118806
EX_prostgh2_LPAREN_e_RPAREN_,0.0
EX_3ddcrn,0.0
LAPCOAl,0.0
DM_cys_L_m,0.0
NTD8,0.0
NTD9,0.0
NTD6,0.0
NTD7,0.0
NTD4,0.0
NTD5,0.0
NTD3,0.0
NTD1,0.0
r0010,0.0
LNSTLSr,0.00020401
r0545,0.0
METAT,0.0
COQ6m,0.0
HMGCOASi,0.0
EX_5mthf_LPAREN_e_RPAREN_,0.0
A4GALTg,0.0
r0549,-0.00197882967098
r1549,0.00284854995537
ACGAM2E,0.0
DNDPt56m,0.0
PGLer,0.00149797615967
FATP1t,0.00865383171451
r1546,0.00284854995537
EX_cspg_a_LPAREN_e_RPAREN_,0.0
EX_thr_L_LPAREN_e_RPAREN_,-0.001490268
r1819,0.00124604484752
r1691,0.00124604484752
EX_ins_LPAREN_e_RPAREN_,0.0
ST6GALNAC62,0.0
EX_ascb_L_LPAREN_e_RPAREN_,0.0
G6PDH2r,0.0213038781652
PMEVKc,0.00122406
P5CDm,0.0
EX_no_LPAREN_e_RPAREN_,0.0
B3GALTg,0.0
PMEVKx,0.0
FAOXC16180m,0.0
25HVITD3tm,0.0
EX_HC00822_LPAREN_e_RPAREN_,0.0
11DOCRTSTRNtr,0.0
PI345P3P,0.0
NADPtru,0.0
EX_4hphac_LPAREN_e_RPAREN_,1.22357529925e-06
r0301,0.00046015
CYTK10n,0.0
DNDPt27m,0.00119274072618
MANt4,-0.0055229596178
r1841,0.00124604484752
3SALATAi,0.0
AG13T16g,0.0
11DOCRTSTRNtm,0.0
EX_1mncam_LPAREN_e_RPAREN_,0.0
P45017A2r,0.0
PROSTGD2t,9.27844009881e-05
DNDPt38m,0.0
BTNPLm,0.0
FAOXC101C8m,0.00203934132984
EX_3hdececrn,0.0
3HLYTCL,8.37892162805e-05
EX_nac_LPAREN_e_RPAREN_,0.0
EX_HC01446_LPAREN_e_RPAREN_,0.0
LALDO,-0.00535027541592
EX_akg_LPAREN_e_RPAREN_,0.0
CHLPCTD,0.000595953362621
ABO1g,0.0
PHETA1,0.000992111193788
PItx,0.0
r0579,0.0
5ADTSTSTERONEGLCte,0.0
SERATB0tc,0.0
O2t,0.0691761975069
r0782,0.0
EX_thmtp_LPAREN_e_RPAREN_,0.0
SARCStm,0.00016777325884
5ADTSTSTERONEGLCtr,0.0
FUT92g,0.0
PItn,0.0
DM_btn,0.0
N3Tg,0.0
MALSO4tm,0.0137658436593
EX_oxa_LPAREN_e_RPAREN_,0.0
r0786,0.0
ATPtm,0.164143603074
ATPtn,0.0
ESTSULT,0.0
EX_HC02208_LPAREN_e_RPAREN_,0.0
MAN6PI,0.0
HOXG,0.0
DNDPt7m,0.0
r1492,0.00182723203881
UGALNACtg,0.0
34HPLFM,0.0
ATPtx,0.0
HSD17B8r,9.41216675284e-05
LCADi,0.0
GeTPRA_R07324_c,0.0
NRPPHRSFt,0.0
MCITS,0.0
sink_tetdec2coa_LPAREN_c_RPAREN_,0.0
ELAIDCPT2,0.0
ELAIDCPT1,0.0
B3GALT3g,0.0
r0998,0.0
EX_c4crn,0.0
DM_dttp_n_,0.0
PCm,0.0
CYTK12,0.003754675355
CYTK13,-0.00958708887483
TMDK1m,0.0
CYTK11,0.003754675355
CYTK14,-0.00168117773327
PPPGOm,0.0
OCD11CRNCPT2,0.0
ASPCTr,0.00115015
SGALSIDEtg,0.0
Q10H2e,0.0
CORE3GTg,0.0
EX_fucfucfucgalacglcgal14acglcgalgluside_hs_LPAREN_e_RPAREN_,0.0
KSII_CORE4t,0.0
SGALSIDEtl,0.0
C161CRN2t,0.0
GLUNm,0.0023956080757
TYRATB0tc,0.000123907999611
ST6GALNAC27,0.0
ITCOALm,0.0
DM_anth,0.0
DRPA,0.0
EX_oagd3_hs_LPAREN_e_RPAREN_,0.0
EX_acac_LPAREN_e_RPAREN_,0.000312218455347
H2Ot,0.0121351978708
CYTK1m,0.0
r1713,0.0
CYSSERNaEx,0.00977972118806
EX_leuktrE4_LPAREN_e_RPAREN_,0.0
r2364,3.07849888388e-06
r2366,3.07849888388e-06
r2367,3.07849888388e-06
r2360,3.07849888388e-06
r2361,3.07849888388e-06
2AMACHYD,0.0
ACOAD1fm,0.0
CO2ter,-0.00190599615967
GALASE19ly,0.0
r2369,3.07849888388e-06
r2408,0.0
EX_ahandrostanglc_LPAREN_e_RPAREN_,0.0
r0433,0.0
EX_HC02180_LPAREN_e_RPAREN_,0.0
UGT1A9r,0.0
NNATr,0.0
DMATT,0.00040802
NNATn,0.0
r2419,0.0137658436593
r2416,0.00013871507259
DM_T_antigen_g_,0.0
r2141,-0.00106314223527
r2410,0.0
r2411,0.0
EX_xolest2_hs_LPAREN_e_RPAREN_,0.0
r2406,0.0
C180CPT1,0.0
EX_lneldc_LPAREN_e_RPAREN_,0.0
C180CPT2,0.0
PPBNGS,0.0
APOC_LYS_BTNPm,0.0
r2092,0.00250236929314
r2093,-0.0093465431832
r2090,-0.00301260668042
r2091,0.00250236929314
r2096,0.00250236929314
r2403,0.0
r2094,0.00250236929314
r2095,0.00250236929314
BTNTe,0.0
FPGS6m,0.0
r2099,0.00250236929314
STCOATxc,0.0
FAOXC1811602m,0.0
r1828,0.00124604484752
GLUt2m,0.0
CBPS,0.00115015
NTD5m,0.0
EX_glyb_LPAREN_e_RPAREN_,0.0
r1822,0.00124604484752
r1823,0.00124604484752
r1820,0.00124604484752
r1821,0.0
LPASE,0.0
r1827,0.00124604484752
r1824,0.00124604484752
r1825,0.00124604484752
EX_HC00002_LPAREN_e_RPAREN_,0.0
ILEtec,0.00158932836918
C60CPT1,0.0
EX_succ_LPAREN_e_RPAREN_,0.00666234035877
SUCCt2m,0.0137658436593
EX_5fthf_LPAREN_e_RPAREN_,0.0
TMDK1,0.0
ASCBt,0.0
AKGt4_3,-0.171216310508
EX_ebastine_LPAREN_e_RPAREN_,0.0
FKYNH,0.0
EX_strdnc_LPAREN_e_RPAREN_,0.0
C6COAt,0.0
EX_apnnox_LPAREN_e_RPAREN_,0.0
FAOXC16DCr,0.0
ACGAMtly,0.0
34DHPHEt,0.0
DM_13_cis_retn_n_,0.0
ADEt,0.0
r1957,0.0
r1954,0.0
r1955,0.0
r1952,0.0
r1953,0.0
r1950,0.000480386758636
r1951,0.0
DHFR,-0.00068014317089
GLUDxm,0.00446649174343
FAOXC226C225x,0.0
r1959,0.0
HMGCOARc,0.00122406
VALTA,0.0
r0443,0.0
r1174,0.0
THMTP,0.0
ALAt4,0.0142651790851
r0913,-0.00363554357286
EX_galfuc12gal14acglcgalgluside_hs_LPAREN_e_RPAREN_,0.0
ADK1,0.00383864162608
r1856,0.00124604484752
GBSIDEte,0.0
EX_avite1_LPAREN_e_RPAREN_,0.0
CEPTC,0.000595953362621
GeTPRA_R02975_c,0.0
r0808,0.0
r0807,0.0
r0806,0.0
GBSIDEtl,0.0
SR5ARr,0.0
CRNtuNa,0.0
r0801,0.0
r0153,0.000135520857464
DSAT,0.00017486
OIVD1m,0.0
r0156,0.00161379982163
P4508B13r,0.0
r1855,0.00124604484752
LCTStg,0.0
r2089,0.00250236929314
r0795,0.0
THMt3,0.0
SADT,0.0
r0792,0.00105607635496
r0791,0.00059178877286
EX_dheas_LPAREN_e_RPAREN_,0.0
GGH_10FTHF6GLUl,0.0
TAUBETAtc,0.00171716986969
EX_man_LPAREN_e_RPAREN_,0.0
EX_csn_LPAREN_e_RPAREN_,0.0
r1567,0.00284854995537
DGTPtn,9.898e-05
LDH_L,-0.106475751091
GGNG,0.0
r1854,0.00124604484752
CERK,0.0
KDNH,0.0
r1583,0.00284854995537
GLYC3Ptmc,0.0
r1563,0.00284854995537
ADKd,0.0
EX_cbasp_LPAREN_e_RPAREN_,0.0
EX_pchol_hs_LPAREN_e_RPAREN_,0.0
5AOPtm,0.0
DM_HC00005_r,0.0
P45017A3r,0.0
SARDHm,0.00016777325884
ALR3,0.011991013837
ALR2,0.011991013837
CSNAT2m,0.000675562388615
EX_dtmp_LPAREN_e_RPAREN_,0.0
r0438,0.0
r0570,0.0
DM_HC00007_r,0.0
r0575,0.00020401
r0196,0.0
r1116,0.0
CSNAT2x,0.000337781194307
r0578,0.0
EX_trp_L_LPAREN_e_RPAREN_,-0.00013306
ALCD1,0.0
VITD3Hm,0.0
r1559,0.00284854995537
CDSm,0.0
EX_3octdeccrn,0.0
r1552,0.00284854995537
r1553,0.00284854995537
ACGAM6PSi,0.0
r1551,0.00284854995537
r1556,0.00284854995537
SPHGNtr,0.0
r1554,0.00284854995537
HSD3B11,0.0
PGCD,0.000400558293339
r0973,0.0
GLYOp,0.0
FUT93g,0.0
TYMSFt,0.0
PMI1346PHn,0.0
EX_tmndnc_LPAREN_e_RPAREN_,0.0
H2Oter,-0.000440118840332
r0603,0.00146226459358
EX_biocyt_LPAREN_e_RPAREN_,0.0
TPI,0.0476419312364
PIK4,0.0
PIK5,0.0
PIK3,0.0
LCAT1e,0.0
EX_5oxpro_LPAREN_e_RPAREN_,0.0
r1836,0.0
EX_bhb_LPAREN_e_RPAREN_,0.0
r1760,0.0
EX_debrisoquine_LPAREN_e_RPAREN_,0.0
EX_3mop_LPAREN_e_RPAREN_,0.0
r1858,0.00124604484752
GTMLTe,0.0
EX_3ttetddcoacrn,0.0
PRGNLONEtm,0.0
EX_cdp_LPAREN_e_RPAREN_,0.0
r0377,0.0
PRGNLONEtr,0.0
ASPDt6,0.0
PDE4,0.0
PDE1,0.0
3DSPHR,0.00017486
CYTK1,0.0
CYTK2,0.0
CYTK4,4.24054309805e-06
CYTK5,0.003754675355
CYTK6,0.003754675355
CYTK7,-0.0119403702631
CYTK8,0.003754675355
CYTK9,0.003754675355
FAOXC80,0.0
HISt4,0.0142651790851
r1401,0.000337781194307
HEXCOAACBP,0.0
PHEtec,0.00158932836918
FUT11g,0.0
EX_retinol_LPAREN_e_RPAREN_,0.0
GLXO1,0.0
EX_hdca_LPAREN_e_RPAREN_,0.0
r0205,0.0
r0990,0.0
EX_sel_LPAREN_e_RPAREN_,0.0
FAOXC12DCC10DCx,0.0
EX_4abut_LPAREN_e_RPAREN_,0.00691795403816
DCTPtn,9.442e-05
EX_prgstrn_LPAREN_e_RPAREN_,0.0
r0208,0.0
NDP8,0.00013091
DINt,0.0
DM_HC00008_r,0.0
DOPAQNISO1,0.0
LTC4CP,0.0
NDP6,0.0
EX_idp_LPAREN_e_RPAREN_,0.0
EX_6thf_LPAREN_e_RPAREN_,0.0
EX_ksi_deg1_LPAREN_e_RPAREN_,0.0
S6T18g,0.0
r0962,0.000541912585445
FAOXC16BRx,0.0
ENO,0.101637154269
r0968,0.0
C12DCACOT,0.0
ACACT1rm,0.00184502667762
EX_c8crn,0.0
EX_gua_LPAREN_e_RPAREN_,0.0
ABO2g,0.0
B3GNT314g,0.0
4HOXPACDOX_NADP_,1.22357529925e-06
DM_5hpet_LPAREN_r_RPAREN_,0.0
FUC14GALACGLCGALGLUSIDEtg,0.0
DNDPt28m,0.00119274072618
FUC14GALACGLCGALGLUSIDEte,0.0
FAOXC1811603m,0.0
r2228,-1.81796807585e-06
GLCtly,0.0
EX_c6dc,0.0
SMPD4,0.0
TTDCPT2,0.0
TTDCPT1,0.0
C12DCACT,0.0
C10DCCACT,0.0
DNDPt4m,0.0
B3GNT35g,0.0
DMNONCOACRNCPT1,-0.000337781194307
GLGNS1,0.0
r2313,0.0
r2315,-1.9194101674e-06
r2314,0.0
r2317,-3.07849888388e-06
r2316,-1.81796807585e-06
r2319,0.0
r2318,-3.07849888388e-06
UDPGLCAter,0.0
GP1Ctg,0.0
HAS1,0.0
GP1Cte,0.0
PNTOt5,0.0
P45019A1r,0.0
LINOFATPtc,0.0
ADNCYC,0.0
r1166,0.0
r2139,-0.000927887081696
HSD17B7r,0.000861730651808
FOLt2le,0.0
AMPTASECG,0.00282571200929
EX_gbside_hs_LPAREN_e_RPAREN_,0.0
r2131,0.00250236929314
r2130,0.00250236929314
r2133,0.00250236929314
r2132,0.00250236929314
EX_5homeprazole_LPAREN_e_RPAREN_,0.0
r2137,0.0
DM_taur_LPAREN_c_RPAREN_,0.0
B3GNT51g,0.0
NMNtn,0.0
GLYCtm,0.0
FAOXC225C226x,0.0
EX_HC02199_LPAREN_e_RPAREN_,0.0
EX_ppa_LPAREN_e_RPAREN_,0.0
EX_glyphe_LPAREN_e_RPAREN_,0.0
GCC2am,0.000231210997603
r0731,0.0
TSTSTERONESULT,0.0
BILDGLCURte,0.0
DNDPt44m,0.0
r0733,0.0
SMPD3l,0.0
EX_ala_D_LPAREN_e_RPAREN_,0.0
SMPD3g,0.0
DHCRD1,0.00017486
DHCRD2,0.0
r1781,0.00124604484752
ASPDTDe,0.0
DESAT18_8,0.0
EX_caro_LPAREN_e_RPAREN_,0.0
EX_gp1c_hs_LPAREN_e_RPAREN_,0.0
DESAT18_3,0.0
DESAT18_4,0.0
DESAT18_5,0.0
DESAT18_6,0.0
DESAT18_7,0.0
r1963,0.0
r1962,0.0
r1961,0.0
2HBt2,0.0120016090784
CHOLPtg,0.0
r1966,0.0
r1789,0.00124604484752
r1788,0.0
r1787,0.00124604484752
r1786,0.000130312462654
r1785,0.0
ST3GAL61g,0.0
r1783,0.00124604484752
r1782,0.00124604484752
ADPACTD,0.0
CHOLPtl,0.0
DM_gncore2_g_,0.0
r2320,-3.07849888388e-06
EX_pydxn_LPAREN_e_RPAREN_,0.0
PPDOx,0.00585027978558
PPDOy,0.00614073405138
PROSTGE1t3,0.0
r0047,0.0
r1147,0.0471288614184
r1146,-5.10025e-05
r1140,0.0
EX_3mob_LPAREN_e_RPAREN_,0.0
r1865,0.00124604484752
r0818,0.0
SIAASE3ly,0.0
r1815,0.00124604484752
r1814,0.00124604484752
r1813,0.00124604484752
r1812,0.00124604484752
r1811,0.00124604484752
r1810,0.00124604484752
DNDPt49m,0.0
r0812,0.0
r0813,0.0
ACCOAC,0.00045194028734
FPGS7m,0.0
r1818,0.00124604484752
r0142,0.0
EX_ivcrn,0.0
r2101,0.00500473858628
BACCL,0.0
r2102,0.00250236929314
ASPGLUm,0.0
r0781,0.00020401
r0555,0.00595113516679
r0783,0.00020401
r0784,0.0
GMPtg,0.0
r0787,0.0
r0788,-0.00055374
r0789,-0.00055374
sink_tetdece1coa_LPAREN_c_RPAREN_,0.0
DOPAt4_2_r,-0.000458228523761
GMPtn,0.0
AKGDm,0.0092041082379
THRGLYexR,0.000285727543913
EX_leuktrA4_LPAREN_e_RPAREN_,0.0
r2107,0.00250236929314
EX_xoltri24_LPAREN_e_RPAREN_,0.0
r2108,0.00250236929314
r1600,0.00284854995537
GLUDym,0.00446649174343
EX_HC02179_LPAREN_e_RPAREN_,0.0
FAOXC10C10OHm,0.0
UAG4E,0.0
C3STDH1Pr,0.00020401
EX_ptdca_LPAREN_e_RPAREN_,0.0
FATP3t,0.00148820102959
r1566,0.00284854995537
DOPASULT,0.0
r1564,0.00284854995537
r0568,0.0
r1562,0.00284854995537
r1561,0.00284854995537
r1560,0.00284854995537
r1861,0.00124604484752
r0560,0.000607836090185
r1569,0.00284854995537
r1568,0.00284854995537
r1765,0.00124604484752
r1764,0.00124604484752
r1767,0.00124604484752
r1766,0.00124604484752
r1761,0.0
r1648,0.00284854995537
r1763,0.00124604484752
r1762,0.00124604484752
GGH_5DHFl,0.0
r1769,0.00124604484752
r1768,0.00124604484752
ABUTt4_2_r,-0.00746106212806
13DAMPPOX,0.0
r0963,0.0
DM_hretn_n_,0.0
HSD17B42x,0.0
r2516,0.0
EX_antipyrene_LPAREN_e_RPAREN_,0.0
r1565,0.00284854995537
DHEASULT,0.0
EX_3deccrn,0.0
EX_dttp_LPAREN_e_RPAREN_,0.0
DM_13_cis_oretn_n_,0.0
FRUt4,-0.00271994989548
EX_HC00003_LPAREN_e_RPAREN_,0.0
PHEyLATthc,0.0
FOLt2,0.000272772
EX_HC01943_LPAREN_e_RPAREN_,0.0
ICDHxm,0.00289057984569
r0368,0.0
r1816,0.00124604484752
ACITL,0.00145693275719
FBA2,0.0
CLPNDCOAtx,0.0
B3GNT315g,0.0
NT5C,0.0
r0366,0.000272772
EX_oagt3_hs_LPAREN_e_RPAREN_,0.0
r0365,0.00223893716778
GTHPe,0.0
FADH2tx,0.0
NADPHtxu,0.0
NACHEXA21ly,0.0
PI4P5K,0.0
DNDPt29m,0.00119274072618
EX_3mlda_LPAREN_e_RPAREN_,5.43822536338e-06
FACOAL160i,0.0
ANDRSTRNGLCtr,0.0
OXAHCOtex,0.00381984678911
EX_c51crn,0.0
ANDRSTRNGLCte,0.0
10FTHF5GLUtm,0.0
TAURCHAe,0.0
EX_hexc_LPAREN_e_RPAREN_,0.0
r1944,0.0
EX_galacglcgalgbside_hs_LPAREN_e_RPAREN_,0.0
ATPS4m,0.190422928242
MI3PP,0.0
r0210,0.0
XOLEST2te,0.0
EX_dad_2_LPAREN_e_RPAREN_,0.0
EBP2r,0.00020401
PA_HStg,0.0
TRPt,0.000208134498418
LEUyLAThtc,0.0
EX_fucgalgbside_hs_LPAREN_e_RPAREN_,0.0
ECOAH12m,0.0
PAFHe,0.0
EX_HC01852_LPAREN_e_RPAREN_,0.0
ARGDCm,0.000400324066197
EX_25hvitd2_LPAREN_e_RPAREN_,0.0
r0671,0.0
FAS100COA,0.005381168
HDCEAtr,0.0
r1928,0.0
FAOXC16C14x,0.0
EX_bz_LPAREN_e_RPAREN_,0.0
EX_fru_LPAREN_e_RPAREN_,0.0
COt,0.0
EX_prostgi2_LPAREN_e_RPAREN_,0.0
EX_dag_hs_LPAREN_e_RPAREN_,0.0
SPHINGStl,0.0
10FTHFtm,-0.000775416387985
10FTHFtl,0.0
SPHINGStr,0.0
CREATt4_2_r,0.0352020579824
GARFT,0.00112826
r0086,0.0
HMGCOASim,0.00289093081361
EX_andrstrn_LPAREN_e_RPAREN_,0.0
PPCDC,0.0
r0084,0.0
r2238,1.9194101674e-06
FUMSO3tm,0.0137658436593
C4STMO1r,0.00020401
EX_HC01939_LPAREN_e_RPAREN_,0.0
GCCam,0.000577302557153
LYSATB0tc,0.000123907999611
FAOXC12C12OHm,0.0
GLNyLATthc,0.0
r1940,0.0
EX_asp_L_LPAREN_e_RPAREN_,-0.00528252519379
BIOCYTtn,0.0
IPDPtx,0.0
EX_whhdca_LPAREN_e_RPAREN_,0.0
BAAT2x,0.0
EX_4hpro_LPAREN_e_RPAREN_,0.0
NMNATn,0.0
FAOXC61C4m,0.0
EX_adrn_LPAREN_e_RPAREN_,0.0
DTMPKm,0.0
NDP8ex,0.0
EX_HC02214_LPAREN_e_RPAREN_,0.0
SACCD3m,0.001045904136
r2304,1.81796807585e-06
r2308,-0.000458228523761
RTOTAL2CRNt,0.0
DM_dsT_antigen_g_,0.0
r2434,0.0
SO4HCOtex,0.00107505649364
r2437,0.000337781194307
PHEMEtm,0.0
EX_prostgd2_LPAREN_e_RPAREN_,0.0
r2433,0.0
FAEL205,0.0
FAEL204,0.0
INSK,0.0
3HBCOAHLm,0.0
HISyLATthc,0.0
r0645,0.0
GLXtp,0.0
r2129,0.00250236929314
r2122,0.00250236929314
r2123,0.00250236929314
r2120,0.00250236929314
r2121,0.00250236929314
r2126,0.00250236929314
r0647,0.0
r2124,-0.00250236929314
r2125,0.00250236929314
CHOLATEt3,0.0
CHOLATEt2,0.000927887081696
NORANMT,8.37892162805e-05
FPGS8m,0.0
INSt,0.0
FAOXC180,0.0
r0642,0.00057456429942
FAS120COA,0.005381168
r1003,0.0
ALAGLNexR,0.000285727543913
EX_crvnc_LPAREN_e_RPAREN_,0.0
EX_appnn_LPAREN_e_RPAREN_,0.0
LACLt,0.0
NACHEXA20ly,0.0
3SALACBOXL,0.0
GAO1g,0.0
DPPS,0.0
EX_2mcit_LPAREN_e_RPAREN_,0.0
EX_fald_LPAREN_e_RPAREN_,0.0
EX_5thf_LPAREN_e_RPAREN_,0.0
B3GNT34g,0.0
DADA,0.0
MI145PP,0.0
DNDPt5m,0.0
r1732,0.0
SBCOAACOTx,0.0
MI145PK,0.0
PI3P4K,0.0
r1730,0.0
r2079,-0.00969725871721
LEUKTRD4t,0.0
THYOXt2,7.45234565127e-05
EX_thymd_LPAREN_e_RPAREN_,0.0
r1731,0.0
r1978,0.0
r1979,0.0
r1790,0.0
r1791,0.0
r1792,0.0
r1977,0.0
HGNTOR,0.0
r1971,0.0
r1796,0.00124604484752
r1797,0.00124604484752
DPGase,0.0
EX_duri_LPAREN_e_RPAREN_,0.0
r1874,0.00124604484752
EX_35cgmp_LPAREN_e_RPAREN_,0.0
ACNAMtn,0.0
r1156,0.0
r1154,0.0
r1155,0.0
XYLTD_Dr,0.0
r1150,0.0
THRGLNNaEx,0.00977972118806
ADRNt,0.00118722000083
EX_nadp_LPAREN_e_RPAREN_,0.0
r1949,0.0
EX_tdcrn,0.0
NRVNCt,0.00118722000083
r1800,0.0
r1801,0.0
r1877,0.00124604484752
r1803,0.0
EX_ura_LPAREN_e_RPAREN_,0.0
ASNGLNNaEx,0.00977972118806
NAt,0.00132385038474
r1807,0.00124604484752
r1808,0.00124604484752
RTOTALCRNCPT2,0.0
RTOTALCRNCPT1,0.0
FAOXC4C4DCc,0.0
GGH_10FTHF7GLUl,0.0
DNDPt45m,0.0
DUTPDPm,0.0
SCP21x,0.0
EX_srtn_LPAREN_e_RPAREN_,0.0
r0178,0.0
ST8SIA51g,0.0
LNLCt,0.0
r0170,0.00020401
r1378,0.0
r0779,0.000607836090185
ASNSERNaEx,0.00977972118806
FAOXC18280m,0.0
TRIODTHYt2,7.45234565127e-05
r0771,-0.000272772
LACZe,0.0
CRTSLtm,0.0
r0772,0.000272772
r1589,0.00284854995537
EX_3octdec2crn,0.0
EX_HC02192_LPAREN_e_RPAREN_,0.0
HACD9m,0.00146226459358
THMTPt,0.0
EX_xoltri25_LPAREN_e_RPAREN_,0.0
EX_vitd2_LPAREN_e_RPAREN_,0.0
RNDR4,0.00013091
RNDR3,9.442e-05
RNDR2,9.898e-05
RNDR1,0.00013183
GMAND,0.0
PDXPP,0.0
CYSALANaEx,0.0
ACN13ACNGALGBSIDEte,0.0
FAOXC16DCC14DCx,0.0
ACN13ACNGALGBSIDEtg,0.0
NDPK8m,0.0
NAHCO3_HCLt,2.10447950959e-06
ALCD21_D,0.011991013837
r1571,0.00284854995537
r1573,0.00284854995537
r1574,0.00284854995537
r1575,0.00284854995537
r1576,0.00284854995537
ALCD21_L,0.011991013837
r0510,0.0
r0512,0.000541912585445
r0514,0.000541912585445
r0517,0.0
CORE6GTg,0.0
r1776,0.0
r1777,0.00124604484752
r1774,0.00124604484752
r1775,0.0
r1772,0.00124604484752
UDPACGALtl,0.0
r1770,0.000409054832658
r1771,0.00124604484752
PGMT,0.0
HISDC,5.43822536338e-06
r1778,0.00124604484752
r1779,0.00124604484752
FUCACGALFUCGALACGLCGALGLUSIDEtg,0.0
EX_galgalgalthcrm_hs_LPAREN_e_RPAREN_,0.0
HOMt4,0.000516029459404
CHOLK,0.00114969336262
r0995,0.0
r0997,0.0
FUT91g,0.0
DNDPt11m,0.00119274072618
EX_ttdca_LPAREN_e_RPAREN_,0.0
DNDPt60m,0.0
HSD3B7P,0.0
ALADGLNexR,0.000285727543913
OCD11CRNCACT,0.0
DM_kdn_c_,0.0
r0357,0.00407651962391
r0424,0.0
r0355,0.0417374661956
r0354,0.00545910625838
ILEPHELAT2tc,0.000263621620006
r0423,0.0291348558507
r0422,0.045726874131
r0358,0.00407651962391
GQ1BALPHAte,0.0
VD3,0.0
GQ1BALPHAtg,0.0
r0191,0.0162168250514
r0193,0.0
EX_utp_LPAREN_e_RPAREN_,0.0
FE2DMT1,0.00136472704159
EX_but_LPAREN_e_RPAREN_,0.0
EX_c5dc,0.0
DMGtm,0.0
GLNCYSNaEx,0.00977972118806
r2520,0.023453825359
r0541,0.001045904136
C4STMO2r,0.0
IPDDI,0.00040802
NaKt,0.0
DM_dgtp_n_,0.0
GGH_7THFl,0.0
r1380,0.00020401
FMNALKPle,0.0
L_LACt2r,0.0948765675732
AMANK,0.0
DNDPt33m,0.00119274072618
NAGLCAly,0.0
r0465,0.0
r1678,0.00124604484752
DPGM,0.0
r1677,0.00124604484752
DM_Asn_X_Ser_Thr_ly_,0.0
r0395,0.0
r1676,0.00124604484752
ST6GALNAC31,0.0
RTOT1,0.00282697
r0466,0.0
r1675,0.00124604484752
ARACHDtr,0.0
ICDHyp,0.0
GBGT1,0.0
r1674,0.00124604484752
r1548,0.00284854995537
EX_HC02210_LPAREN_e_RPAREN_,0.0
GLNALANaEx,0.00105872387461
ACOAD10m,0.0
r1672,0.00124604484752
DOPASFt,0.0
THP2Ctp,0.0
r1670,0.00124604484752
EX_gam_LPAREN_e_RPAREN_,0.0
B3GNT312g,0.0
FBP,0.0
GLB1,0.0
FBA,0.0324336501027
PI5P4K,0.0
GDPtg,0.0
EX_HC01440_LPAREN_e_RPAREN_,0.0
EX_sfcys_LPAREN_e_RPAREN_,0.0
sink_octdececoa_LPAREN_c_RPAREN_,0.0
EX_nifedipine_LPAREN_e_RPAREN_,0.0
ARACHDt2,0.00118722000083
CITtam,0.0471288614184
FUT31g,0.0
DM_core5_g_,0.0
URCN,9.15713486188e-05
EX_pydam_LPAREN_e_RPAREN_,0.0
FAOXC1811601m,0.0
G6PDH1rer,7.12992409862e-05
r1544,0.00284854995537
ACSm,0.0
DECDPtm,0.0
G14T2g,0.0
r1547,0.00284854995537
EX_gmp_LPAREN_e_RPAREN_,0.0
DM_dctp_m_,0.0
KCCt,0.00193471744573
SGPL12r,0.0
ARGtiDF,0.00188825009761
CYSGLNNaEx,0.00977972118806
EX_4nph_LPAREN_e_RPAREN_,0.0
SUCD1m,0.00678450758003
HPACtr,1.22357529925e-06
EX_cytd_LPAREN_e_RPAREN_,0.0
r2335,-3.07849888388e-06
r2334,-1.81796807585e-06
r2333,-3.07849888388e-06
r2332,-3.07849888388e-06
r2331,-1.81796807585e-06
r2330,-1.81796807585e-06
r2117,0.00250236929314
r2116,0.00250236929314
r2115,-0.0100094771726
ABUTD,0.000400324066197
KSII_CORE2tly,0.0
r2112,0.00250236929314
r2111,0.00250236929314
r1980,0.00124604484752
DGK1,0.0
EX_HC01444_LPAREN_e_RPAREN_,0.0
CATm,0.0
r2119,-0.00750710787942
r2118,0.00250236929314
CATp,0.0
EX_acald_LPAREN_e_RPAREN_,0.0
EX_sucr_LPAREN_e_RPAREN_,0.0
EX_1glyc_hs_LPAREN_e_RPAREN_,0.0
2OXOADPTm,0.0
EX_pglyc_hs_LPAREN_e_RPAREN_,0.0
OBDHc,0.0
EX_din_LPAREN_e_RPAREN_,0.0
DM_HC02223_m,0.0
PFK,0.0162168250514
THRt4,0.0142651790851
NACHEX26ly,0.0
AKR1D2,0.0
OPAHir,0.0
SCP22x,0.000337781194307
r1014,0.0
r1013,0.0
EX_ribflv_LPAREN_e_RPAREN_,0.0
GUAPRT,0.0
GULNDer,0.0
PA_HSter,0.0
EX_34dhoxpeg_LPAREN_e_RPAREN_,8.37892162805e-05
BTNt3i,0.0
EX_gq1b_hs_LPAREN_e_RPAREN_,0.0
NP1,0.00119545273219
ADPCOAPTE,0.0
SBPP1er,0.0
DNDPt9m,0.00119274072618
RETH,0.0
r1607,-0.00979199416877
DM_core8_g_,0.0
SERPT,0.00017486
TAURt4_2_r,-0.00253304995959
GACMTRc,0.00140421929952
r1909,0.00124604484752
r1908,0.00124604484752
EX_lac_D_LPAREN_e_RPAREN_,0.0
EX_fucgalfucgalacglcgalgluside_hs_LPAREN_e_RPAREN_,0.0
sink_pre_prot_LPAREN_r_RPAREN_,0.0
r1901,0.00124604484752
r1900,0.00124604484752
r1903,0.00124604484752
r1902,0.00124604484752
r1905,0.00124604484752
r1904,0.00124604484752
r1907,0.00124604484752
r1906,0.00124604484752
DNDPt59m,0.0
r1169,0.0
r1168,0.0
EX_txa2_LPAREN_e_RPAREN_,0.0
HISTAtu,0.000458228523761
r1167,0.0
MTHFDm,-0.00449953758433
r1165,0.0
r1164,0.0
5OXPROt,0.0
AHC,0.0
PYNP2r,0.0
ALATHRNaEx,0.00977972118806
ACNAMlt,0.0
DM_oretn_n_,0.0
FPGS9m,0.0
GLCURtly,0.0
EX_HC02216_LPAREN_e_RPAREN_,0.0
DM_gdp_m,0.0
LALDO2x,0.00664073842104
DNDPt61m,0.0
r1340,0.0
r0160,0.00288512801902
ECOAH9m,0.00146226459358
r0163,0.00220578809246
CORE4GTg,0.0
r0166,0.0
ABTArm,0.0
EX_atp_LPAREN_e_RPAREN_,0.0
EX_tchola_LPAREN_e_RPAREN_,0.0
ESTRONEGLCt,0.0
UREAt,0.00430294712125
ACETONEt2m,0.0
TCHOLAtx,0.0
34DHPHELAT1tc,0.0
GGH_10FTHF5GLUl,0.0
EX_asp_D_LPAREN_e_RPAREN_,0.0
UGLT,0.00224142863215
EX_fe2_LPAREN_e_RPAREN_,0.0
PIt8,0.012141368
Ser_Thrtg,0.0
EX_crmp_hs_LPAREN_e_RPAREN_,0.0
ACCOAtr,0.0
FUMTSULtm,-0.0137658436593
KSII_CORE4tly,0.0
EX_leuktrF4_LPAREN_e_RPAREN_,0.0
r0502,0.0
3MOPt2im,0.0
r1587,0.00284854995537
r1586,0.00284854995537
r1581,0.00284854995537
r1580,0.00284854995537
r0504,0.0
r0309,0.0
r1743,0.0
ATP2ter,0.0
r1741,0.0
r1740,0.0
r1747,0.00124604484752
r1746,0.0
r1745,0.0
r1744,0.00124604484752
SUCCCROT,0.0
r1749,0.00124604484752
CLOHtex2,0.00190992339455
r0696,-0.000272772
r0697,0.000272772
EX_leugly_LPAREN_e_RPAREN_,0.0
CERT2gt,0.0
TCHOLAt3,0.0
TCHOLAt2,0.00106314223527
r0983,0.0
PROSTGE1t,9.27844009881e-05
MEVK1c,0.00122406
FADDPle,0.0
S6T17g,0.0
r2436,0.000337781194307
EX_triodthysuf_LPAREN_e_RPAREN_,0.0
APRGSTRNte,0.0
r0753,0.00317059988676
r0434,0.0
r0432,0.0374890077127
r0345,0.0
EX_cit_LPAREN_e_RPAREN_,0.0
r0431,-0.0374890077127
FE2tm,0.0
MEVK1x,0.0
TRDR2,0.0
HMBS,0.0
B3GNT313g,0.0
GTPCI,0.0
SERt4,0.0116350331167
GLBRAN,0.0
EX_h2o2_LPAREN_e_RPAREN_,0.0
r0757,0.00317059988676
ALAtN1,0.000290397709114
PI4P3K,0.0
GALASE17ly,0.0
4HPROLTASCT1,4.78083346203e-06
TYRt4,0.000123907999611
r1972,0.0
TRDRm,0.0
NDPK7m,0.0
r2438,0.000337781194307
r1578,0.00284854995537
XOLTRI24tc,0.0
XOLTRI24te,0.0
MMEm,0.000168836484013
EX_leuktrD4_LPAREN_e_RPAREN_,0.0
ADPT,0.0
r2283,1.81796807585e-06
SO4t4_2,-0.00871475007185
r0239,0.0
ALASm,0.0
C3STDH1r,0.0
L_LACtm,0.00250236929314
GSNKm,0.0
ST6GALNAC28,0.0
SCP21cx,0.0
ST6GALNAC26,0.0
CO2tm,0.0
ST6GALNAC24,0.0
ST6GALNAC25,0.0
ST6GALNAC22,0.0
ST6GALNAC23,0.0
DNDPt10m,0.00119274072618
ST6GALNAC21,0.0
HSD17B4x,0.0
THD1m,0.0
COAtg,0.0
GeTPRA_R09087_c,0.0
COAtl,0.0
COAtm,0.00390427439654
PTE4x,0.0
RTOTAL2FATPc,0.0
COAtp,-0.00200465200792
HDD2COAtx,0.0
EX_glyleu_LPAREN_e_RPAREN_,0.0
CEPTE,0.00173556663738
EX_cl_LPAREN_e_RPAREN_,0.0
DHAAt1r,0.000963328750225
r2537,0.0
HEX7,0.00407651962391
CDPDAGtm,0.0
EX_urate_LPAREN_e_RPAREN_,0.0
RTOTAL2t,0.0
EX_prpp_LPAREN_e_RPAREN_,0.0
MMTSADm,0.0
PGL,0.0213038781652
PGM,-0.101637154269
URATEtx,0.0
PGK,-0.102037712562
TAURtcx,0.0
PGI,0.0216427781291
RAI1,0.00962746618437
SERGLNexR,0.000285727543913
URIDK2m,0.0
CRNtHa,1.31570673517e-05
EX_adrnl_LPAREN_e_RPAREN_,0.0
PPItm,0.00706490278298
r2106,0.00250236929314
EX_hxan_LPAREN_e_RPAREN_,0.0
PPItx,0.0
AG13T18g,0.0
FTHFLm,0.0
NRPPHRSULT,0.0
4HBZFm,0.0
GLDBRAN,0.0
ARSA,0.0
DNDPt32m,0.0
DM_lanost_x,0.0
r2328,-9.5862899872e-05
r2329,-3.07849888388e-06
EX_tetpent3_LPAREN_e_RPAREN_,0.0
ICDHy,0.000472956298553
r2321,-3.07849888388e-06
r2322,-3.07849888388e-06
r2323,-3.07849888388e-06
r2324,-1.81796807585e-06
r2325,-3.07849888388e-06
r2326,-9.5862899872e-05
r2327,-1.81796807585e-06
VALt4,0.000123907999611
r0537,0.0
ST3GAL31g,0.0
r2103,0.00250236929314
r2104,0.00250236929314
r2105,0.138155702961
THFtm,0.000233503802541
THFtl,0.0
G6PPer,0.0
r2109,0.00250236929314
AG13T1g,0.0
DNDPt58m,0.0
SPHK21c,0.0
CYSTGL,0.0
EX_gtp_LPAREN_e_RPAREN_,0.0
EX_perillyl_LPAREN_e_RPAREN_,0.0
EX_5mta_LPAREN_e_RPAREN_,0.0
SIAT4Bg,0.0
EX_g1p_LPAREN_e_RPAREN_,0.0
EX_ebastineoh_LPAREN_e_RPAREN_,0.0
FATP2t,0.00148820102959
EX_estradiol_LPAREN_e_RPAREN_,0.0
PI45P3K,0.0
CSNAT3x,0.0
EX_malttr_LPAREN_e_RPAREN_,0.0
EX_HC01944_LPAREN_e_RPAREN_,0.0
r1008,0.0
ACOAD9m,0.0
CITtbm,0.0471288614184
FUT32g,0.0
DM_Ser_Gly_Ala_X_Gly_ly_,0.0
r1002,0.0
NICRNS,0.00119545273219
r1005,0.0374890077127
r1006,0.0
r1007,0.0
3SALAASPm,0.0
G14T3g,0.0
ME2m,9.04924007636e-05
EX_HC01609_LPAREN_e_RPAREN_,0.0
AGDC,0.0
EX_dopa_LPAREN_e_RPAREN_,0.0
MTHFR3,0.00105607635496
EX_udpg_LPAREN_e_RPAREN_,0.0
FUCACGALFUCGALACGLCGALGLUSIDEte,0.0
PYK,0.100959549981
4ABUTtm,0.0
ELAIDCRNt,0.0
COUCOAFm,0.0
EX_retn_LPAREN_e_RPAREN_,0.0
EX_ach_LPAREN_e_RPAREN_,0.0
PPA2,0.0
UMPK3n,0.0
r1175,0.0
FADtru,0.0
r1177,0.0
r1170,0.0
r1171,0.0
r1172,0.0
r1912,0.0
r1913,0.0
r1910,0.00124604484752
r1599,0.00284854995537
r1916,0.0
r1179,0.0
r1914,0.0
r1915,0.000480552318213
r1596,0.00284854995537
GLUPROASCT1,0.00143512239358
r1597,0.00284854995537
ADAe,0.0
GLNTHRNaEx,0.00113590521203
EX_leu_L_LPAREN_e_RPAREN_,0.0
FAOXC181C161x,0.0
O2ter,0.0018870925
r1593,0.00284854995537
EX_3thexddcoacrn,0.0
GLUTCOADHm,0.0
CGMPt,0.0
EX_docosdiac,0.0
ILETA,0.0
PRDX,0.0
r1591,0.00284854995537
FAOXC181C161m,0.0
OCDCEAtr,0.00148820102959
ST8SIA12,0.0
DHPR,8.54114941928e-05
EX_ile_L_LPAREN_e_RPAREN_,-0.00323195659358
r1710,0.0
ACALDtm,0.0
r1358,0.000272772
EX_acgalfucgalacgalfuc12gal14acglcgalgluside_hs_LPAREN_e_RPAREN_,0.0
ALAt2rL,0.0
ST3GAL22g,0.0
XOLDIOLONEt,0.0
LNLNCAt,0.0
ACALDtr,0.0
r0752,-0.00317059988676
r0780,0.0311951772752
r0750,0.0
HDCAtr,0.00838105971451
r0756,-0.00317059988676
r0755,0.00317059988676
r0754,-0.00317059988676
EX_estriolglc_LPAREN_e_RPAREN_,0.0
MTHFD2,-9.15713486188e-05
EX_ha_LPAREN_e_RPAREN_,0.0
PItg,0.0
EX_carn_LPAREN_e_RPAREN_,0.0
EX_fuc13galacglcgal14acglcgalgluside_hs_LPAREN_e_RPAREN_,0.0
NDPK6m,0.0
AIRCr,0.00112826
NACHEX23ly,0.0
FALDtm,0.0
ADSS,0.000668109999999
r0531,0.0
GSNtm,0.0
r0539,0.000272772
ACGAGBSIDEtl,0.0
r1598,0.00284854995537
ARACHt,0.00118722000083
T4HCINNMFM,0.0
ACGAGBSIDEtg,0.0
r1594,0.00284854995537
r1595,-0.00985097308283
r1592,0.00284854995537
ADSK,0.0
r1590,0.00284854995537
ASNPHELAT2tc,0.000263621620006
FUCFUC132GALACGLCGAL14ACGLCGALGLUSIDEtg,0.0
FUCFUC132GALACGLCGAL14ACGLCGALGLUSIDEte,0.0
r1758,0.0
r1759,0.00124604484752
r1754,0.00124604484752
r1755,0.0
r1756,0.0
r1757,0.0
r1750,0.00124604484752
r1751,0.00124604484752
r1752,0.0
ALATA_L,-0.00192881143291
EX_i_LPAREN_e_RPAREN_,0.0
CRNCAR3tp,0.0
AMPTASECGe,0.00187198244221
ESTRONESt,0.000153190253305
DNDPt13m,0.0
FAOXC14C12m,0.0
ACGALFUCGALACGALFUC12GAL14ACGLCGALGLUSIDEte,0.0
PACCOAL,0.0
ACGALFUCGALACGALFUC12GAL14ACGLCGALGLUSIDEtg,0.0
ILELAT1tc,0.00284854995537
GLNtN1,0.000290397709114
MI14PP,0.0
r1061,0.0
DNDPt62m,0.0
EX_tymsf_LPAREN_e_RPAREN_,0.0
EX_sl_L_LPAREN_e_RPAREN_,0.0
TMDS,0.00013091
r0400,0.0
P45027A11m,0.0
GUACYC,0.0
r0409,0.0151209831147
r0408,0.0
CYSATB0tc,0.0
ASP1DC,0.0
5ADTSTSTERONEtr,0.0
EX_tethex3_LPAREN_e_RPAREN_,0.0
EX_4mtolbutamide_LPAREN_e_RPAREN_,0.0
r1894,0.00124604484752
AMACRp,0.0
CRNCARtp,0.00200465200792
DPCOAtl,0.0
FUCACNGAL14ACGLCGALGLUSIDEtg,0.0
FUCACNGAL14ACGLCGALGLUSIDEte,0.0
FRDPtr,0.0
VALtec,0.00158932836918
CYSGLTH,0.0
HEXDIACTD,0.0
DNDPt31m,0.0
r0245,-0.00288512801902
r0246,0.0
EX_n2m2nmasn_LPAREN_e_RPAREN_,0.0
RPE,0.0136822962166
RPI,-0.0091195581083
EX_tettet6_LPAREN_e_RPAREN_,0.0
FAOXC14C12x,0.0
ASPTAm,0.000814457182073
PPAm,0.00706490278298
PROSTGE2t,0.0
MCOATA,0.000272772
LSTO2r,0.0
SERTHRNaEx,0.00977972118806
GGH_6THFl,0.0
3DPHBH2,0.0
G3PD1,8.72980190166e-05
ACNAMPH,0.0
EX_btn_LPAREN_e_RPAREN_,0.0
DADAe,0.0
GAL3ST11,0.0
ALA_DASH_DTDe,0.0
C160CRNt,0.0
NODe,0.0
THRSERNaEx,0.00977972118806
NACHEX27ly,0.0
PPCOAOm,0.0
GeTPRA_R00217_m,0.0
EX_ca2_LPAREN_e_RPAREN_,0.0
EX_3aib_LPAREN_e_RPAREN_,0.0
PYDXNK,0.0
EX_k_LPAREN_e_RPAREN_,0.0
EX_hco3_LPAREN_e_RPAREN_,0.108029666029
EX_drib_LPAREN_e_RPAREN_,0.0
GLYCLTDy,0.0
r0407,0.0151209831147
EX_his_L_LPAREN_e_RPAREN_,-0.00108829757398
B3GNT310g,0.0
EX_5htrp_LPAREN_e_RPAREN_,0.0
r1798,0.0
DM_datp_m_,0.0
P45027A1m,0.0
r1799,0.00124604484752
FUT33g,0.0
EX_ocdcea_LPAREN_e_RPAREN_,0.0
CHSTEROLt,0.0
DM_cmp_r,0.0
r1876,0.000817231696792
PCt,0.0
EX_13_cis_retnglc_LPAREN_e_RPAREN_,0.0
r1871,0.00124604484752
GLUt7l,0.0
B3GNT39g,0.0
EX_eaflatoxin_LPAREN_e_RPAREN_,0.0
DNDPt8m,0.00119274072618
r1873,0.00124604484752
r1656,0.00284854995537
FA160ACPH,0.000272772
PPD2CSPp,0.0
r1974,0.00124604484752
AK2LGCHOLt,0.0
S6TASE25ly,0.0
r1975,0.00124604484752
7THFtm,0.0
7THFtl,0.0
DCYTDn,0.0
r1976,0.0
r1523,0.0
UMPtr,0.0
EX_abt_LPAREN_e_RPAREN_,0.0
r1970,0.0
r2465,0.000224631633191
B3GALT44g,0.0
HMGLx,0.00166687081361
C181CRNt,0.000337781194307
r0870,0.0
EX_c12dc,0.0
FATP7t,0.00118722000083
r1973,0.0
CYTK10,0.003754675355
ILEt5m,0.00146226459358
DAGK_hs,0.0
EX_HC02220_LPAREN_e_RPAREN_,0.0
EX_dtdp_LPAREN_e_RPAREN_,0.0
PROt2r,0.000543108089899
SUCCOAPET,0.0
PI4PLC,0.0
N4Tg,0.0
DNDPt48m,0.0
ST3GAL23g,0.0
P45011A1m,0.0
EX_3aib_D_LPAREN_e_RPAREN_,0.0
EX_ak2lgchol_hs_LPAREN_e_RPAREN_,0.0
PROSTGE2t3,0.0
HISD,9.15713486188e-05
EX_arachd_LPAREN_e_RPAREN_,0.0
EX_leuktrB4_LPAREN_e_RPAREN_,0.0
SPHMYLNtl,0.0
ALAATB0tc,0.000123907999611
GK1,0.00046015
EX_4nphsf_LPAREN_e_RPAREN_,0.0
SPHMYLNtg,0.0
GCCcm,0.000577302557153
EX_HC01610_LPAREN_e_RPAREN_,0.0
EX_glypro_LPAREN_e_RPAREN_,0.0
DM_ncam,0.0
EX_strch2_LPAREN_e_RPAREN_,0.0
CAMPt,0.0
UGT1A2r,0.0
ACGAMPM,0.0
r1106,0.0
r1109,0.0
EX_ptrc_LPAREN_e_RPAREN_,0.0
FAOXC180x,0.0
EX_itp_LPAREN_e_RPAREN_,0.0
AG13T2g,0.0
DLNLCGt,0.0
ALDD2y,0.0
ALDD2x,0.0
ALADGLYexR,0.000285727543913
G6Pter,0.00149797615967
EX_rib_D_LPAREN_e_RPAREN_,0.0
DM_1a25dhvitd3_LPAREN_n_RPAREN_,0.0
r2399,0.0
GAO2g,0.0
r1889,0.00124604484752
11DOCRTSLtm,0.0
NDPK6,0.0
HIStiDF,0.00150222561138
EX_acetone_LPAREN_e_RPAREN_,0.0
EX_hestratriol_LPAREN_e_RPAREN_,0.0
GALGALFUCFUCGALACGLCGALACGLCGAL14ACGLCGALGLUSIDEte,0.0
11DOCRTSLtr,0.0
GALGALFUCFUCGALACGLCGALACGLCGAL14ACGLCGALGLUSIDEtg,0.0
EX_mercplaccys_LPAREN_e_RPAREN_,0.0
EX_lac_L_LPAREN_e_RPAREN_,0.048794111361
EX_HC02198_LPAREN_e_RPAREN_,0.0
EX_crn_LPAREN_e_RPAREN_,0.0
r0744,0.0
EX_acgalfucgalacgalfucgalacglcgal14acglcgalgluside_hs_LPAREN_e_RPAREN_,0.0
NADN,0.0
r0743,0.0
DNDPt63m,0.0
2MCITt,0.0
EX_tag_hs_LPAREN_e_RPAREN_,0.0
EX_dca_LPAREN_e_RPAREN_,0.0
P45027A12m,0.0
r2390,0.0
r1615,0.00284854995537
r1614,0.00284854995537
r1617,0.00284854995537
P45011B12m,0.0
r1611,0.00284854995537
r1610,0.00284854995537
r1613,0.00284854995537
r1612,0.00284854995537
TYRCBOX,1.22357529924e-06
APOC_LYS_BTNP,0.0
GLUCYS,0.0
BHMT,0.0
EX_pydx_LPAREN_e_RPAREN_,0.0
EX_progly_LPAREN_e_RPAREN_,0.0
DCK2n,0.0
EX_HC01700_LPAREN_e_RPAREN_,0.0
r1291,-0.000675562388615
r1926,0.0
r1925,0.0
r1292,0.0
TALA,-0.00827983500638
r1922,0.0
r1921,0.0
r1920,0.0
GLCMter,0.0
LFORKYNHYD,0.0
r2396,0.00013871507259
r1929,0.0
r1805,0.0
LDH_Lm,0.00250236929314
DM_fol,0.0
MALtm,0.0137658436593
r0523,0.0
r1806,0.0
DESAT22_2p,0.0
PI34P5K,0.0
FUCFUCGALACGLCGALGLUSIDEte,0.0
FUCFUCGALACGLCGALGLUSIDEtg,0.0
GALASE16ly,0.0
LEUt5m,0.0
S6TASE24ly,0.0
HSD11B1r,2.28224265422e-05
PHEMEt,0.00261253785191
r1809,0.00124604484752
EX_nrvnc_LPAREN_e_RPAREN_,0.0
EX_etoh_LPAREN_e_RPAREN_,0.0
r1728,0.0
PTHPS,0.0
FAOXC6DCC4DCx,0.0
EX_lnlc_LPAREN_e_RPAREN_,0.0
PUNP4,0.0
PUNP5,0.0
PUNP6,0.0
PUNP7,0.0
r1725,0.0
PUNP1,0.0
PUNP2,0.0
PUNP3,0.0
CRTSTRNtm,0.0
DHCR72r,0.0
NH4tp,0.0
DM_HC02030_c,0.0
DNDPt55m,0.0
GPAM_hs,0.00265211
1a25DHVITD3TRn,0.0
OAGD3tg,0.0
OAGD3te,0.0
C161CPT1,0.0
TTDCAtr,0.0
MTHFCm,0.000775416387985
EX_HC02217_LPAREN_e_RPAREN_,0.0
EX_glu_L_LPAREN_e_RPAREN_,0.0
EX_mthgxl_LPAREN_e_RPAREN_,0.0
GLYt7_211_r,0.000256076523716
FAOXC226205x,0.0
RTOTAL3CRNCPT1,0.0
RTOTAL3CRNCPT2,0.0
NICRNTtn,0.0
EX_na1_LPAREN_e_RPAREN_,0.0
PGLYCt,0.0
r0413,0.000135520857464
r1434,0.00437197127356
r1459,0.0
r1431,0.0
r1432,0.0
HKYNH,0.0
GeTPRA_R00706_m,0.0
ORNt4m,0.00207183012853
EX_HC00001_LPAREN_e_RPAREN_,0.0
ALAGLNNaEx,0.00977972118806
CDIPTr,0.000484511156902
B3GNT311g,0.0
FAOXC2242046x,0.0
3SPYRSP,0.0
DNDPt12m,0.0
NDPK5m,0.0
ARGt4,0.000123907999611
MDHm,0.0103169745683
r2363,3.07849888388e-06
4OHPROIMINOtc,4.78083346203e-06
FAOXC4C2m,0.0
DM_inost_r,0.0
EX_fucfucgalacglcgalgluside_hs_LPAREN_e_RPAREN_,0.0
FAOXC225C204x,0.0
BPNT2,0.0
r1701,0.0
EX_thm_LPAREN_e_RPAREN_,0.0
EX_phyQ_LPAREN_e_RPAREN_,0.0
MI14P4P,0.0
ALAyLATthc,0.0
EX_arab_L_LPAREN_e_RPAREN_,0.0
EX_bilglcur_LPAREN_e_RPAREN_,0.0
ACCOACm,0.0374890077127
EX_chsterol_LPAREN_e_RPAREN_,0.0
D3AIBTm,0.0
HSD17B2r,0.0
PSERT,0.000400558293339
S23T4g,0.0
EX_ahdt_LPAREN_e_RPAREN_,0.0
EX_dha_LPAREN_e_RPAREN_,0.0
3HKYNAKGAT,0.0
FORt2m,0.0
EX_tststeroneglc_LPAREN_e_RPAREN_,0.0
GeTPRA_R03103_c,0.001045904136
NADH2_u10m,0.0606755338064
PYRt2r,0.00903432472785
PYRt2p,0.0
CYOR_u10m,0.0718977254056
EX_glygn4_LPAREN_e_RPAREN_,0.0
EX_3tetd7ecoacrn,0.0
r1377,0.0
EX_tetdece1crn,0.0
r0773,-0.000272772
PYRt2m,0.0414105650479
SUBERCROT,0.0
r2539,-0.001045904136
GLNASNNaEx,0.00977972118806
B3GALT5g,0.0
PMANM,0.0
HISyLATtc,0.0
NADS2,0.0
EX_rbt_LPAREN_e_RPAREN_,0.0
DM_dgtp_m_,0.0
DMGDHm,0.0
r1867,0.00124604484752
sink_dd2coa_LPAREN_c_RPAREN_,0.0
DM_Ser_Thr_ly_,0.0
TKT2,0.00684114810831
TKT1,0.00684114810831
LPCHOLt,0.0
r1080,0.0
EX_citr_L_LPAREN_e_RPAREN_,0.0
THBPT4ACAMDASE,8.37892162805e-05
DNDPt30m,0.0
ALAt2r,-0.0773759809243
EX_tsul_LPAREN_e_RPAREN_,0.0
sink_decdicoa_LPAREN_c_RPAREN_,0.0
GCCbim,0.000577302557153
EHMN_R00335_n,0.0
EX_Rtotal_LPAREN_e_RPAREN_,0.0
ILEATB0tc,0.000123907999611
FE2t,0.00056193045886
DTTPtn,0.00013091
r2471,0.0
q10tm,0.0
r2473,0.0
AG13T3g,0.0
7DHCHSTEROLtr,0.0
XAO2x,0.0
EX_ddece1crn,0.0
r0819,0.0137658436593
EX_lnlnca_LPAREN_e_RPAREN_,0.0
EX_ksii_core4_LPAREN_e_RPAREN_,0.0
EX_galgalfucfucgalacglcgalacglcgal14acglcgalgluside_hs_LPAREN_e_RPAREN_,0.0
NH4t3r,0.00170555069012
DM_4hrpo,0.0
HMGCOAtx,0.00166687081361
PI45P5P,0.0
EX_strch1_LPAREN_e_RPAREN_,0.0
IZPN,9.15713486188e-05
r2274,1.81796807585e-06
EX_andrstrnglc_LPAREN_e_RPAREN_,0.0
HMGCOAtm,-0.00289093081361
CLOXAtex2,0.00190992339455
GeTPRA_R11232_c,0.0
PSSA1_hs,-0.00112353663738
NACHEXA22ly,0.0
EX_HC00229_LPAREN_e_RPAREN_,0.0
MALTSULtm,0.0137658436593
GLYCK2,0.0
G6PDA,0.00225278951052
FUT34g,0.0
DM_datp_n_,0.0
GLCAASE8ly,0.0
EX_dgtp_LPAREN_e_RPAREN_,0.0
EX_aicar_LPAREN_e_RPAREN_,0.0
C180CRNt,0.0
GBAl,0.0
EX_so4_LPAREN_e_RPAREN_,0.0
ACGALFUCGALACGALFUCGALACGLCGAL14ACGLCGALGLUSIDEte,0.0
EX_HC02207_LPAREN_e_RPAREN_,0.0
EX_phyt_LPAREN_e_RPAREN_,0.0
FAOXC121x,0.0
PRISTtx,0.0
LDH_D,0.0
UMPK6,0.003754675355
UMPK7,0.003754675355
UMPK4,0.003754675355
UMPK5,-0.017623226775
UMPK2,0.003754675355
UMPK3,0.003754675355
r1112,0.0
r1113,0.0
MTHFD2m,0.00527495397231
GULNter,0.0
r1117,0.0
r0907,0.000400324066197
EX_gdp_LPAREN_e_RPAREN_,0.0
ACS,0.0
EX_bilirub_LPAREN_e_RPAREN_,0.0
C4tcx,0.0
ME2,0.0
GLNtm,0.0023956080757
CYSGLUexR,0.00284854995537
r2493,1.10092505467e-05
PYDXPP,0.0
MACOXO,5.43822536338e-06
r2499,0.0
ACNAM9PL2,0.0
EX_adprbp_LPAREN_e_RPAREN_,0.0
DNDPt54m,0.0
ACHEe,0.0
DCMPDA,0.0
GLNt4,0.0142651790851
r0730,0.0
SR5AR2r,0.0
r0732,0.0
r0735,0.0
r0734,0.0
PROt2rL,0.0
EX_Lcystin_LPAREN_e_RPAREN_,0.0
SUCCtp,0.0
EX_ksii_core2_LPAREN_e_RPAREN_,0.0
r1608,0.00284854995537
r1609,0.00284854995537
r1606,0.00284854995537
MTHFC,0.00215536732577
r1604,0.00284854995537
r1605,0.00284854995537
r1602,0.00284854995537
r1603,0.00284854995537
MTHFD,0.00215536732577
Htg,0.0
r1570,0.00284854995537
EX_xoltri27_LPAREN_e_RPAREN_,0.0
EX_C02470_LPAREN_e_RPAREN_,0.0
ARGLYSex,0.00124604484752
ACCOAgt,0.0
Htm,0.0201952448506
2AMACSULT,0.0
r1930,0.0
r1931,0.0
r1932,0.0
r1933,0.0
r1934,0.0
r1935,0.0
r1936,0.0
r1937,0.0
r1938,0.0
r1939,0.0
OMPDC,0.00115015
UGT1A3r,0.0
Htx,0.0
XAOx,0.0
DNDPt15m,0.00119274072618
FAS180COA,0.0
ACN23ACNGALGBSIDEte,0.0
r0085,0.00260591101542
ACN23ACNGALGBSIDEtg,0.0
VALLAT1tc,0.00284854995537
r0082,0.045726874131
r0081,0.00437197127356
EX_mal_L_LPAREN_e_RPAREN_,0.0
r0511,0.0
r1829,0.00124604484752
r1579,0.00284854995537
GNDc,0.0213038781652
r0644,0.00057456429942
NDPK4m,0.0
r0641,0.0
r0643,0.0
SIAT9g,0.0
r1738,0.00124604484752
r1739,0.00124604484752
CYSASNNaEx,0.00977972118806
ACETONEt2,0.0
CHOLESACATc,0.0
PFK26,0.0
r1733,0.00124604484752
C161CRNt,0.0
CYSGLYexR,0.000285727543913
r1736,0.00124604484752
r1737,0.0
r1734,0.00124604484752
r1735,0.00124604484752
EX_HC02193_LPAREN_e_RPAREN_,0.0
EX_hx_LPAREN_e_RPAREN_,0.0
CRTSLt,0.0
HSD3A1r,0.0
EX_34hpp,0.0
EX_dgmp_LPAREN_e_RPAREN_,0.0
BHBt,0.0
r1826,0.00124604484752
TRPATB0tc,0.0
DM_MNXM8_m,0.0
TR_thcholstmc,0.0
DPCOAK,0.0
r0399,1.6222779123e-06
r0398,0.0
GGT6,0.0
r0393,0.0
r0392,-0.00288512801902
r0391,0.00119545273219
PAPStg,0.0
XANtx,0.0
r0464,0.00197882967098
P45027A13m,0.0
r0394,0.0
r1427,0.0
ACt2m,0.0
CYStec,0.00158932836918
PEPCKm,0.0
EX_hcoumarin_LPAREN_e_RPAREN_,0.0
PPPG9tm,0.0
EX_hpdca_LPAREN_e_RPAREN_,0.0
EX_co2_LPAREN_e_RPAREN_,0.0064370783569
25HVITD3c,0.0
ACOX2x,0.0
EX_malt_LPAREN_e_RPAREN_,0.0
EX_lpchol_hs_LPAREN_e_RPAREN_,0.0
ACt2r,0.0
r2311,1.10092505467e-05
HSD3B11r,0.0
EX_HC02202_LPAREN_e_RPAREN_,0.0
APOCFm,0.0
DM_dgpi_prot_hs_r_,0.0
C12DCTD,0.0
ASPt6,0.000436860048638
r0267,0.0
ACYP,0.0
G3PD2m,0.0
EX_fucacngal14acglcgalgluside_hs_LPAREN_e_RPAREN_,0.0
TYROXDAc,1.22357529925e-06
EX_fucfuc12gal14acglcgalgluside_hs_LPAREN_e_RPAREN_,0.0
r0268,0.0
EX_thf_LPAREN_e_RPAREN_,0.0
EX_HC00005_LPAREN_e_RPAREN_,0.0
EX_c16dc,0.0
DHEASt,1.81796807585e-06
FE3MTP1,0.00192665750045
DNDPt37m,0.0
EX_tetpent6_LPAREN_e_RPAREN_,0.0
r0068,0.0
DM_HC02029_c,0.0
ACACT4p,0.0
PCHOLPm_hs,0.0
TRPO2,0.0
EX_octa_LPAREN_e_RPAREN_,0.0
r2344,0.0
RETI1,-0.00962746618437
UNK3,0.0
ARACHDCOAtx,0.0
r0683,0.00223893716778
EX_HC02187_LPAREN_e_RPAREN_,0.0
EX_udp_LPAREN_e_RPAREN_,0.0
FUMtm,-0.0300257561086
ICDHyrm,-0.0685507671328
DM_met_L_m,0.0
r2413,0.0
CMPSAS,0.0
XYLUR,0.0
PPNCL3,0.0
LEUt4,0.00512632464521
EX_lys_L_LPAREN_e_RPAREN_,-0.005875956136
ORNt3m,0.00115832637033
EX_HC01104_LPAREN_e_RPAREN_,0.0
ALAGLYexR,0.000285727543913
PAN4PP,0.000272772
BILIRED,0.0
EX_aqcobal_LPAREN_e_RPAREN_,0.0
EX_thmmp_LPAREN_e_RPAREN_,0.0
ATP1ter,0.0
C4x,0.0
FUT35g,0.0
LEUPHELAT2tc,0.000263621620006
NAGA2ly,0.0
EX_dmhptcrn_LPAREN_e_RPAREN_,0.0
EX_dopasf_LPAREN_e_RPAREN_,0.0
ALACYSNaEx,0.00977972118806
PNTEH,0.000272772
EX_q10h2_LPAREN_e_RPAREN_,0.0
FAOXC12DCTc,0.0
EX_HC01441_LPAREN_e_RPAREN_,0.0
TAUPAT1c,0.000543108089899
EX_HC02205_LPAREN_e_RPAREN_,0.0
r1892,0.00124604484752
S6TASE22ly,0.0
FA140ACPH,0.0
C181CPT1,0.00674252992405
EX_cspg_b_LPAREN_e_RPAREN_,0.0
SUCOASm,-0.0163821124211
r2398,0.00013871507259
ASNTHRNaEx,0.00977972118806
EX_3bcrn,0.0
r2391,0.0
ASNATB0tc,0.000123907999611
r2393,0.0471288614184
r2392,0.0
r2395,0.0
r2394,0.0
r2397,0.00013871507259
TRPt4,0.000123907999611
35CGMPtn,0.0
DNDPt20m,0.0
EX_cyan_LPAREN_e_RPAREN_,0.0
DM_thr_L_m,0.0
LNELDCCPT1,0.0
LNELDCCPT2,0.0
CYTDK1,0.0
MEPIVESSte,0.0
PHEMEe,0.00261253785191
SUBERCACT,0.0
EX_lnlncg_LPAREN_e_RPAREN_,0.0
C2tcx,-0.000337781194307
r2244,1.81796807585e-06
SQLEr,0.00020401
ALAASNNaEx,0.00977972118806
r1956,0.0
CMPACNAtg,0.0
EX_HC02206_LPAREN_e_RPAREN_,0.0
ST3GAL21g,0.0
SMS,0.00017486
r0892,0.0
GDPFUCtg,0.0
PMI12346PHn,0.0
FPGSm,0.0
r1968,0.0
MDH,-0.00244904395098
SBPP3er,0.0
EX_gly_LPAREN_e_RPAREN_,0.0
EX_o2s_LPAREN_e_RPAREN_,0.0
TYRTA,0.0
OCTDECCPT2,-0.00261628743395
DGAT,0.0
EX_cspg_d_LPAREN_e_RPAREN_,0.0
EX_co_LPAREN_e_RPAREN_,0.0
r0899,0.0
NTD2e,0.0
C9BRxtc,0.000337781194307
DURItn,0.0
FPGS5,0.0
FPGS4,0.0
FPGS7,0.000272772
FPGS6,0.0
r1923,0.0
FPGS3,0.0
FPGS2,0.0
EX_nrpphrsf_LPAREN_e_RPAREN_,0.0
FPGS9,0.0
FPGS8,0.0
AHCYStr,0.0
ADK3m,0.0
r1958,0.0
C181CPT2,0.00261628743395
AHCYStd,0.0
EX_for_LPAREN_e_RPAREN_,0.0
EX_gal_LPAREN_e_RPAREN_,0.0
ME1m,0.000622454561984
r1639,0.00284854995537
EX_HC00009_LPAREN_e_RPAREN_,0.0
TMDPK,0.0
EX_ade_LPAREN_e_RPAREN_,0.0
r0722,0.0
r0723,0.0
r0720,0.0
r0721,0.0
r0726,-0.00203934132984
r0727,0.0
r0724,0.0
r1383,0.0
r1382,0.0
r0728,0.00203934132984
r0729,0.0
PLA2_2e,0.0
INSTt2r,-0.00109070038474
r1633,0.00284854995537
FACOAL140i,0.0
r1638,0.00284854995537
ELAIDt,0.0
DMATTx,0.0
r1632,0.00284854995537
r1631,0.00284854995537
r1630,0.00284854995537
SERCYSNaEx,0.00977972118806
r1636,0.00284854995537
r1635,0.00284854995537
FUMSO4tm,0.0
NCKt,0.000404010795812
CRTSTRNt,0.0
r1637,0.00284854995537
THRCYSNaEx,0.00977972118806
ADPRDP,0.0
DM_melanin_c_,0.0
EX_glygly_LPAREN_e_RPAREN_,0.0
EX_crtstrn_LPAREN_e_RPAREN_,0.0
HXPRT,0.0
EX_q10_LPAREN_e_RPAREN_,0.0
HSD17B1,0.0008886257454
r1634,0.00284854995537
NOS1,0.0
NOS2,0.0
EX_HC02197_LPAREN_e_RPAREN_,0.0
FATP9t,0.00118722000083
EX_hom_L_LPAREN_e_RPAREN_,0.0
EX_crtsl_LPAREN_e_RPAREN_,0.0
PTPAT,0.0
r0097,0.0
r1255,0.0
r1706,0.00124604484752
r1257,0.0
C6CRNtcx,0.0
r1251,0.0
r1702,0.0
5MTHFt,-0.0011079915203
ORPT,-0.00115015
r0656,0.0
r0655,0.0
r0652,0.0
r0653,0.0
EX_o2_LPAREN_e_RPAREN_,-0.0691761975069
r1708,0.00124604484752
CYSO,0.0
OCDCAtr,0.00148820102959
P5CRxm,0.0277855335006
EX_acn23acngalgbside_hs_LPAREN_e_RPAREN_,0.0
GLCt1r,0.058102280941
EX_coumarin_LPAREN_e_RPAREN_,0.0
SEBACIDTD,0.0
ATPasel,0.0
DNDPt57m,0.0
PHEATB0tc,0.0
EX_creat_LPAREN_e_RPAREN_,0.00140421929952
GLYAMDTRc,0.00140421929952
r0384,0.00220578809246
r0386,0.0
EX_xolest_hs_LPAREN_e_RPAREN_,0.0
r0381,0.000272772
r0383,0.00595113516679
XYLTt,0.0
DGK2m,0.0
EX_10fthf6glu_LPAREN_e_RPAREN_,0.0
CAATPS,0.0
H2CO3D,0.116068834673
PRPNCOAHYDm,0.00223893716778
EX_htaxol_LPAREN_e_RPAREN_,0.0
PROt4,0.0142651790851
EX_gluala_LPAREN_e_RPAREN_,0.0
MHISOR,5.43822536338e-06
EX_xoltriol,0.0
FAOXC6C4m,0.0
r1418,0.0064370783569
RTOTAL3t,0.0
IMPC,-0.00112826
EX_gd1b2_hs_LPAREN_e_RPAREN_,0.0
ABO9g,0.0
CMPACNAtn,0.0
EX_fad_LPAREN_e_RPAREN_,0.0
FAOXC6C4x,0.0
EX_lgnc_LPAREN_e_RPAREN_,0.0
DNDPt14m,0.00119274072618
PROtm,0.0
PCHOLHSTDe,0.0
FAOXOHC16C16DCc,0.0
STS1,0.0
P5CRm,0.0
LPS,0.0
DURIPP,0.0
ARTPLM3,0.0
ARTPLM2,-0.00265211
EX_sbt_DASH_d_LPAREN_e_RPAREN_,0.0
NDPK3m,0.0
r0074,0.000831684394553
EX_h_LPAREN_e_RPAREN_,0.0
FAOXC8DCC6DCx,0.0
EX_34dhphe_LPAREN_e_RPAREN_,0.0
EX_gt1a_hs_LPAREN_e_RPAREN_,0.0
LPS4e,0.0
AGMTm,0.000400324066197
CSNATm,0.0
CSNATr,-0.00166687081361
CSNATp,0.00166687081361
SPMS,0.0
EX_3octdece1crn,0.0
F1Atg,0.0
B3GALT41g,0.0
EX_cholate_LPAREN_e_RPAREN_,0.0
FBP26,0.0
DM_cdpchol_r,0.0
BILGLCURte,0.0
GALNTg,0.0
EX_urea_LPAREN_e_RPAREN_,0.00208628449235
TYRASE,0.0
EX_imp_LPAREN_e_RPAREN_,0.0
FRUt1r,0.00271994989548
FUM,0.00429043879001
S23T2g,0.0
biomass_reaction,0.01
r0157,0.0
DNDPt21m,0.0
B3GALT43g,0.0
r1753,0.00124604484752
FUT18g,0.0
FMNAT,0.0
NADPtxu,0.0
LPCOXp,0.0
EX_HC02204_LPAREN_e_RPAREN_,0.0
FORtr,-0.00020401
PHEACGLNt,0.0
UAG2EMAi,0.0
EX_uri_LPAREN_e_RPAREN_,0.0
EX_dcyt_LPAREN_e_RPAREN_,0.0
ASNCYSNaEx,0.00977972118806
r0226,0.000541912585445
CSm,0.0111314317503
r1707,0.00124604484752
MDRPD,0.0
FUT98g,0.0
EX_anth_LPAREN_e_RPAREN_,0.0
RETFA,0.0
DNDPt36m,0.00119274072618
MAOX,8.37892162805e-05
ACACT5p,0.0
r1705,0.00124604484752
CLS_hs,0.00011658
DM_MNXM96415_m,0.0
EX_pyr_LPAREN_e_RPAREN_,0.0
MMSAD3m,0.00223893716778
r0596,0.00223893716778
DNDPt52m,0.0
LTD4DP,0.0
GeTPRA_R02352_c,0.00184447806474
r1253,0.0
P4507B12r,0.0
FAOXC16080m,0.0
r1700,0.0
PAFt,0.0
r2388,0.0
r2389,0.0
CHAT,0.0
DHFtl,0.0
r2382,0.0
r2380,0.0471288614184
r2381,0.0
r2386,0.0124936707993
AKR1C1,0.0
r2384,0.0
FAOXC16080x,0.0
DESAT16_2,0.00282697
GLCtg,0.0
EX_fucacngalacglcgalgluside_hs_LPAREN_e_RPAREN_,0.0
PAFS,0.0
r1259,0.0
DHDPBMTm,0.0
PAFH,0.0
BAMPPALDOX,0.0
FAOXC161C141x,0.0
1PPDCRp,0.0
FUT16g,0.0
P4507A1r,0.0
GeTPRA_R01668_c,0.0
FAS160COA,0.005381168
EX_carveol_LPAREN_e_RPAREN_,0.0
ADNtm,0.0
GD1B2te,0.0
GD1B2tg,0.0
TYR3MO2,8.37892162805e-05
CERT1rt,0.0
EX_10fthf7glu_LPAREN_e_RPAREN_,0.0
KSII_CORE2t,0.0
FUCGALGBSIDEtg,0.0
HYPOE,0.0
FUCGALGBSIDEte,0.0
EX_whttdca_LPAREN_e_RPAREN_,0.0
ODECOAtx,0.0
ILEt4,0.000123907999611
r1919,0.0
DM_hdca_x,0.0
GLCt4,0.00132385038474
GALASE20ly,0.0
HACD1m,-0.001045904136
FATP8t,0.00118722000083
EX_5adtststerone_LPAREN_e_RPAREN_,0.0
r1130,0.0
r1131,0.0
r1132,0.0
HSD11B2r,-2.28224265422e-05
r1135,-5.10025e-05
r2128,0.00250236929314
ABUTt2r,0.000543108089899
EX_Rtotal3_LPAREN_e_RPAREN_,0.0
DM_HC00006_r,0.0
EX_dhdascb_LPAREN_e_RPAREN_,0.0
EX_2425dhvitd2_LPAREN_e_RPAREN_,0.0
ASAH1,0.0
PHEt4,0.0142651790851
4MOPt2im,0.0
NDPK8,0.0223546546672
NDPK9,0.00953562588229
S6T16g,0.0
NDPK2,0.0223546546672
NDPK3,0.0141124163644
NDPK1,0.00465267504063
TRDR,0.00045614
NDPK7,0.011358446065
NDPK4,0.00013091
NDPK5,0.0112274852075
r1625,0.00284854995537
r1627,0.00284854995537
r1621,0.00284854995537
r0719,0.0
r0718,0.0
r0717,0.0
r0716,0.0
r0715,0.0
r0714,0.0
r1628,0.00284854995537
r0860,0.0
GLCURter,0.0
EX_hspg_LPAREN_e_RPAREN_,0.0
DNDPt47m,0.0
UGT1A1r,0.0
C6DCCACT,0.0
CYTDK2m,0.0
GALASE18ly,0.0
EX_fucfucfucgalacglc13galacglcgal14acglcgalgluside_hs_LPAREN_e_RPAREN_,0.0
CRVNCtr,0.00118722000083
P45046A1r,0.0
GHMT2r,0.00219470597715
EX_c6crn,0.0
EX_onpthl_LPAREN_e_RPAREN_,0.0
COQ3m,0.0
BALAtmr,0.0
ESTRADIOLGLCtr,0.0
DNDPt17m,0.00119274072618
UREAt5,-0.00638923161361
r1711,0.0
r0669,0.000607836090185
r0668,0.0
r1715,0.0
r1716,0.0
r1717,0.0
r0661,0.0
r0660,0.0
r0666,0.00112826
AKGMALtm,0.023453825359
EX_camp_LPAREN_e_RPAREN_,0.0
P45011B11m,0.0
GULN3D,0.0
OAGT3tg,0.0
OAGT3te,0.0
EX_HC02191_LPAREN_e_RPAREN_,0.0
DM_HC00009_r,0.0
r1391,0.0
r1392,0.0
THYMDtm,0.0
r0915,0.0471288614184
r0446,0.00261628743395
r0917,-0.0025066962259
DM_atp_c_,0.0
GAPD,0.102037712562
CYSTHRNaEx,0.00697577318302
r0441,0.0
r0440,0.0
UREAtm,-0.00208628449235
APAT2rm,0.0
EX_5adtststerones_LPAREN_e_RPAREN_,0.0
ESTRADIOLGLCt2,0.0
C40CPT1,0.000337781194307
41R2A1H12BOOX,0.0
r1989,0.00124604484752
EX_Rtotal2_LPAREN_e_RPAREN_,0.0
SERGLNNaEx,0.00977972118806
GMPR,0.0
APOCF,0.0
EX_HC01942_LPAREN_e_RPAREN_,0.0
EX_whddca_LPAREN_e_RPAREN_,0.0
DNDPt18m,0.0
PTRCOX1,0.000400324066197
C161CPT22,0.0
r0571,0.0
SBTD_D2,0.0122295588717
EX_arach_LPAREN_e_RPAREN_,0.0
THRD_L,0.0
GLYOX,0.0
4HBZCOAFm,0.0
EX_aprgstrn_LPAREN_e_RPAREN_,0.0
DESAT22_1p,0.0
HEXDICOAACBPx,0.0
ESTRADIOLtr,0.000955852319336
EX_10fthf5glu_LPAREN_e_RPAREN_,0.0
EX_HC02203_LPAREN_e_RPAREN_,0.0
FDH,0.000287799216281
EX_paf_hs_LPAREN_e_RPAREN_,0.0
CYTK8n,0.0
UDPGALtg,0.0
ABO4g,0.0
EX_adn_LPAREN_e_RPAREN_,0.0
URIK1,0.0
r0287,0.0
r0280,0.000135520857464
r0283,0.0
3MOBt2im,0.0
DNDPt34m,0.00119274072618
THRALANaEx,0.00977972118806
FUT99g,0.0
DNDPt19m,0.0
ACACT6p,0.0
VITD3tm3,0.0
XYLK,0.0
r1844,0.00124604484752
DNDPt35m,0.00119274072618
r1846,0.0
GCC2bim,0.000231210997603
DM_pnto_R,0.000272772
G14T19g,0.0
EX_2hb_LPAREN_e_RPAREN_,0.0
r1665,0.00124604484752
AACOAT,0.00135465235827
r1842,0.00124604484752
EX_9_cis_retfa_LPAREN_e_RPAREN_,0.0
r2127,-0.00250236929314
r1843,0.00124604484752
EX_glc_LPAREN_e_RPAREN_,-0.0594261313257
FAOXC10DCC8DCx,0.0
GALACGLCGALGBSIDEte,0.0
SULFOX,0.0
GALACGLCGALGBSIDEtg,0.0
G14T18g,0.0
r2472,0.0
ADSL2,0.00112826
ADSL1,0.000668109999999
DM_4abut_LPAREN_n_RPAREN_,0.0
GRTT,0.00040802
EX_acnacngal14acglcgalgluside_hs_LPAREN_e_RPAREN_,0.0
FAOXC15ATPx,0.0
NACHEX25ly,0.0
FUT17g,0.0
EX_CLPND_LPAREN_e_RPAREN_,0.0
PNTK,0.0
ACOAD8m,0.0
r1557,0.00284854995537
r1128,0.0
q10h2tc,0.0
H2CO3Dm,0.0374890077127
ALCD22_L,0.011991013837
ALCD22_D,0.011991013837
GGH_7DHFl,0.0
ARGSL,0.0
EX_pnto_R_LPAREN_e_RPAREN_,0.0
B3GNT11g,0.0
EX_spc_hs_LPAREN_e_RPAREN_,0.0
EX_HC01361_LPAREN_e_RPAREN_,0.0
TAGt,0.0
r1063,0.0
EX_nad_LPAREN_e_RPAREN_,0.0
ASNNm,0.000814457182073
ACOAO7p,0.0
ARGSS,0.0
DALAt2r,-0.000571455087826
CYSPHELAT2tc,0.000263621620006
IMPD,0.00046015
EX_tststerone_LPAREN_e_RPAREN_,0.0
EX_adp,0.0
CITRtm,0.00262669041889
GALt1r,0.0
PDE4n,0.0
sink_citr_LPAREN_c_RPAREN_,0.0
EX_ncam_LPAREN_e_RPAREN_,0.0
EX_c10dc,0.0
DNDPt22m,0.00119274072618
ACNAM9PL,0.0
EX_acnacngalgbside_hs_LPAREN_e_RPAREN_,0.0
EX_tetdec2crn,0.0
10FTHF7GLUtl,0.0
10FTHF7GLUtm,0.0
EX_HC02201_LPAREN_e_RPAREN_,0.0
MI1345PP,0.0
CDS,0.000746811156902
RTOTALFATPc,0.0
MI134PP,0.0
SIAASE4ly,0.0
CO2tp,0.0
FUCFUCFUCGALACGLCGAL14ACGLCGALGLUSIDEtg,0.0
ASPPROASCT1,0.00484566514515
FUCFUCFUCGALACGLCGAL14ACGLCGALGLUSIDEte,0.0
ETHAK,0.00118182663738
EX_dmantipyrine_LPAREN_e_RPAREN_,0.0
EX_5dhf_LPAREN_e_RPAREN_,0.0
P45039A1r,0.0
r2535,0.000651550714694
r2534,0.000651550714694
DHORTS,-0.00115015
EX_orn_LPAREN_e_RPAREN_,0.00449566072579
EX_amp_LPAREN_e_RPAREN_,0.0
r2532,0.000651550714694
UGT1A6r,0.0
PPA,0.0
FUC13GALACGLCGAL14ACGLCGALGLUSIDEtg,0.0
FUC13GALACGLCGAL14ACGLCGALGLUSIDEte,0.0
GeTPRA_R01388_c,0.00288512801902
ADK1m,0.0
PPM,-0.00119545273219
EX_dgsn_LPAREN_e_RPAREN_,0.0
r1726,0.0
PRAGSr,0.00112826
GPDDA1,0.0
R_group_phosphotase_2,0.0
R_group_phosphotase_1,0.0
DASCBR,0.00104711796651
RTOTAL3FATPc,0.0
MCDp,0.0
EX_cys_L_LPAREN_e_RPAREN_,0.0
r2405,0.0
MCDm,0.0
EX_prostge1_LPAREN_e_RPAREN_,0.0
CORE2GTg,0.0
ALDD2xm,0.0
DNDPt2m,0.0
BTND1n,0.0
B3GNT33g,0.0
EX_c101crn,0.0
r1899,0.00124604484752
r1898,0.00124604484752
r1897,0.00124604484752
r1896,0.00124604484752
r1895,0.00124604484752
FAOXC12C10x,0.0
r1893,0.00124604484752
UDPGLCter,0.0
r1891,0.00124604484752
r1890,0.00124604484752
BPNT,0.0
METLEUex,0.00284854995537
FAOXC14C14OHm,0.0
GCHOLAt2,0.0
GCHOLAt3,0.0
EX_fucfuc132galacglcgal14acglcgalgluside_hs_LPAREN_e_RPAREN_,0.0
FAOXC12C10m,0.0
HCO3_CLt,0.011435968994
r1651,0.00284854995537
r1650,0.00284854995537
r1653,0.00284854995537
r1652,0.00284854995537
r1655,0.00284854995537
r1654,0.00284854995537
r1657,0.00284854995537
r0879,0.00119274072618
r1659,0.00284854995537
r1658,0.00284854995537
r0702,0.000272772
r1879,0.0
r0706,0.0
MACACI,0.0
r1094,0.0
NKCCt,0.000362223894543
EX_retnglc_LPAREN_e_RPAREN_,0.0
r1099,0.0
r1098,0.0
ACOX22x,0.0
DM_mem2emgacpail_prot_hs_r_,0.0
CYSSNAT5tc,0.000290397709114
EX_estrones_LPAREN_e_RPAREN_,0.0
FUCFUCFUCGALACGLC13GALACGLCGAL14ACGLCGALGLUSIDEte,0.0
NBAHH_ir,0.0
FUCFUCFUCGALACGLC13GALACGLCGAL14ACGLCGALGLUSIDEtg,0.0
EX_dhf_LPAREN_e_RPAREN_,0.0
C4CRNCPT2,0.000337781194307
KHK,0.0
EX_peplys_LPAREN_e_RPAREN_,0.0
DNDPt42m,0.0
EX_c3dc,0.0
EX_fuc_L_LPAREN_e_RPAREN_,0.0
r0670,0.00105835753008
S6TASE26ly,0.0
r0672,0.0
r0825,0.0
AATAi,0.0
GGH_5THFl,0.0
EX_estradiolglc_LPAREN_e_RPAREN_,0.0
r0620,0.00220578809246
PRO1x,0.0
SUBEACTD,0.0
EX_pheme_LPAREN_e_RPAREN_,0.0
DM_HC02032_c,0.0
O2tm,0.0635384979214
EX_elaid_LPAREN_e_RPAREN_,0.0
LGTHL,0.00535027541592
DNDPt51m,0.0
EX_ser_L_LPAREN_e_RPAREN_,-0.00665549970283
r0450,0.001045904136
r0451,0.000517971133956
STS2,0.0
r0456,0.0
EX_lcts_LPAREN_e_RPAREN_,0.0
r1859,0.00124604484752
EX_HC00004_LPAREN_e_RPAREN_,0.0
PSSA2_hs,0.00118182663738
DM_trdrd_m,0.0
r2114,0.00250236929314
EX_tststerones_LPAREN_e_RPAREN_,0.0
PDHm,0.0455490867037
r2113,0.00250236929314
HIShPTtc,0.0
RDH2a,0.0116118808233
FUCGALFUCGALACGLCGALGLUSIDEtg,0.0
FUCGALFUCGALACGLCGALGLUSIDEte,0.0
r1616,-0.00162482353936
GK1m,0.0
r2110,0.00250236929314
EX_acn13acngalgbside_hs_LPAREN_e_RPAREN_,0.0
PIPLC,0.000251361156902
PE_HSter,0.0
3SPYRSPm,0.0
EX_ksi_LPAREN_e_RPAREN_,0.0
ARGATB0tc,0.000123907999611
EX_aflatoxin_LPAREN_e_RPAREN_,0.0
SUBERICACT,0.0
DNDPt16m,0.00119274072618
NCAMUP,0.0
MALSO3tm,0.0137658436593
TYRDOPO3,0.0
NDPK1m,0.00293526448233
EX_gsn_LPAREN_e_RPAREN_,0.0
r1527,0.0
r0295,0.000200870425611
ACACT10m,0.00146226459358
FATP5t,0.00118722000083
CYSt4,0.0142651790851
EX_dhap_LPAREN_e_RPAREN_,0.0
SAMHISTA,5.43822536338e-06
r0051,0.0
3AIBTm,0.0
EX_gp1calpha_hs_LPAREN_e_RPAREN_,0.0
EX_c4dc,0.0
H2Otly,0.0
DCATDc,0.0
EX_ps_hs_LPAREN_e_RPAREN_,0.0
34HPPOR,0.0
EX_mepi_LPAREN_e_RPAREN_,0.0
FAOXC16OHC16r,0.0
GLNSERNaEx,0.00977972118806
ASNALANaEx,0.00977972118806
r2526,0.000651550714694
GLUDC,0.00651762997197
DGSNtm,0.0
EX_val_L_LPAREN_e_RPAREN_,-0.00113341409018
ORNTArm,-0.00140548100012
DNDPt23m,0.00119274072618
3HAO,0.0
r1924,0.0
MI1PS,0.0
MI1PP,0.000251361156902
HCO3_NAt,-0.101165341478
SBTR,0.0122295588717
EX_digalsgalside_hs_LPAREN_e_RPAREN_,0.0
HSD3B12r,0.0
BALABETAtc,0.0
EX_chol_LPAREN_e_RPAREN_,-0.00227323
NADPHtru,0.0
DM_Lcystin,0.00238876422575
HXANtx,0.0
r0826,0.0
r1872,0.00124604484752
ABO5g,0.0
EX_triodthy_LPAREN_e_RPAREN_,0.0
ACACT7p,0.0
GALGALGALTHCRMte,0.0
GALGALGALTHCRMtg,0.0
ASCBt4,-0.000963328750225
ACGAMK,0.0
DM_thbpt_c,0.0
34DHOXPEGOX,8.37892162805e-05
IPDDIx,0.0
VALt5m,0.000607836090185
FUT96g,0.0
AACTOOR,0.0
DM_ethamp_r_,0.0
MMMm,-0.000168836484013
GeTPRA_R03222_m,0.0
THRPHELAT2tc,0.000263621620006
MMSAD1m,0.000607836090185
EX_h2o_LPAREN_e_RPAREN_,0.00023783413017
AMPtp,0.0
r0885,-0.023453825359
INSTt4,0.00132385038474
FAOXC8C6m,0.0
GALT,-0.00224142863215
CPPPGO,0.0
r1183,0.0
sink_c81coa_LPAREN_c_RPAREN_,0.0
r0522,0.0
FADH2ETC,0.00216752237943
TSTSTERONEtr,0.0
FAOXC8C6x,0.0
PI45PLC,0.0
DNDPt3m,0.0
B3GNT32g,0.0
ADMDC,0.0
MCCCrm,0.0
FUT911g,0.0
LEUKTRB4t,3.07849888388e-06
r0527,0.0
UDPGD,0.0
GLYtm,0.000439869870305
EX_4abutn_LPAREN_e_RPAREN_,0.0
GLYtp,0.0
XOLTRIOLtm,0.0
PETOHMr_hs,0.0
UDPGP,0.0
EX_aldstrn_LPAREN_e_RPAREN_,0.0
EX_ser_D_LPAREN_e_RPAREN_,0.0
PCHOLPg_hs,0.0
FAOXC160,0.0
SCPx,0.0
FUT14g,0.0
EX_s2l2n2m2masn_LPAREN_e_RPAREN_,0.0
DM_sTn_antigen_g_,0.0
r0954,0.0
3SALATAim,0.0
FCLTm,0.0
NDP7ex,0.0
LYStip,0.0
r2294,1.81796807585e-06
SEBCOACROT,0.0
r2525,0.000651550714694
MTAP,0.0
EX_estroneglc_LPAREN_e_RPAREN_,0.0
NDP7er,0.0
SPHMDAc,0.0
PSt3,0.0
FAOXC141C121x,0.0
SFGTH,8.37892162805e-05
LYSOXp,0.0
ACP1_FMN_,0.0
EX_glygn2_LPAREN_e_RPAREN_,0.0
GF6PTA,0.00225278951052
EX_ahcys_LPAREN_e_RPAREN_,0.0
XOLESTte,0.0
GLYt4,0.0142651790851
EX_pydx5p_LPAREN_e_RPAREN_,0.0
5ADTSTSTERONESte,0.0
FOLR2,0.000272772
